date,station,pollutant,value
2020-02-03,0,HCOH,0.012
2020-02-03,0,NO,0.24
2020-02-03,0,NO2,0.05
2020-02-03,0,SO2,0.009
2020-02-03,1,NH3,0.02
2020-02-03,1,NO2,0.13
2020-02-03,1,SO2,0.042
2020-02-03,2,NO,0.13
2020-02-03,2,NO2,0.10
2020-02-03,2,SO2,0.001
2020-02-03,3,HCOH,0.011
2020-02-03,3,NO2,0.11
2020-02-03,3,SO2,0
2020-02-03,4,NO2,0.11
2020-02-03,4,SO2,0.004
2020-02-03,5,NH3,0.01
2020-02-03,5,NO2,0.11
2020-02-03,5,SO2,0.023
2020-02-03,6,NO2,0.12
2020-02-03,6,SO2,0.012
2020-02-04,0,HCOH,0.007
2020-02-04,0,NO,0.08
2020-02-04,0,NO2,0.05
2020-02-04,0,SO2,0
2020-02-04,1,NH3,0
2020-02-04,1,NO2,0.03
2020-02-04,1,SO2,0.010
2020-02-04,2,NO,0.04
2020-02-04,2,NO2,0.10
2020-02-04,2,SO2,0
2020-02-04,3,HCOH,0.007
2020-02-04,3,NO2,0.07
2020-02-04,3,SO2,0
2020-02-04,4,NO2,0.04
2020-02-04,4,SO2,0
2020-02-04,5,NH3,0
2020-02-04,5,NO2,0.07
2020-02-04,5,SO2,0.006
2020-02-04,6,NO2,0.11
2020-02-04,6,SO2,0.019
2020-02-05,0,HCOH,0.009
2020-02-05,0,NO,0.04
2020-02-05,0,NO2,0.04
2020-02-05,0,SO2,0
2020-02-05,1,NH3,0
2020-02-05,1,NO2,0.09
2020-02-05,1,SO2,0.003
2020-02-05,2,NO,0.07
2020-02-05,2,NO2,0.06
2020-02-05,2,SO2,0
2020-02-05,3,HCOH,0.004
2020-02-05,3,NO2,0.10
2020-02-05,3,SO2,0
2020-02-05,4,NO2,0.07
2020-02-05,4,SO2,0
2020-02-05,5,NH3,0.08
2020-02-05,5,NO2,0.09
2020-02-05,5,SO2,0
2020-02-05,6,NO2,0.10
2020-02-05,6,SO2,0.014
2020-02-06,0,HCOH,0.004
2020-02-06,0,NO,0.05
2020-02-06,0,NO2,0.02
2020-02-06,0,SO2,0
2020-02-06,1,NH3,0.03
2020-02-06,1,NO2,0.03
2020-02-06,1,SO2,0.014
2020-02-06,2,NO,0.02
2020-02-06,2,NO2,0.06
2020-02-06,2,SO2,0.009
2020-02-06,3,HCOH,0.007
2020-02-06,3,NO2,0.03
2020-02-06,3,SO2,0.004
2020-02-06,4,NO2,0.04
2020-02-06,4,SO2,0
2020-02-06,5,NH3,0.03
2020-02-06,5,NO2,0.03
2020-02-06,5,SO2,0
2020-02-06,6,NO2,0.07
2020-02-06,6,SO2,0.013
2020-02-07,0,NO,0.08
2020-02-07,0,NO2,0.02
2020-02-07,0,SO2,0.004
2020-02-07,1,NH3,0.01
2020-02-07,1,NO2,0.03
2020-02-07,1,SO2,0.015
2020-02-07,2,NO,0.10
2020-02-07,2,NO2,0.08
2020-02-07,2,SO2,0.003
2020-02-07,3,HCOH,0.010
2020-02-07,3,NO2,0.05
2020-02-07,3,SO2,0.006
2020-02-07,4,NO2,0.04
2020-02-07,4,SO2,0.013
2020-02-07,5,NH3,0.01
2020-02-07,5,NO2,0.03
2020-02-07,5,SO2,0.011
2020-02-07,6,NO2,0.06
2020-02-07,6,SO2,0.021
2020-02-08,0,HCOH,0.006
2020-02-08,0,NO,0.07
2020-02-08,0,NO2,0.02
2020-02-08,0,SO2,0.010
2020-02-08,1,NH3,0.02
2020-02-08,1,NO2,0.03
2020-02-08,1,SO2,0.021
2020-02-08,2,NO,0.01
2020-02-08,2,NO2,0.05
2020-02-08,2,SO2,0.006
2020-02-08,3,HCOH,0.010
2020-02-08,3,NO2,0.04
2020-02-08,3,SO2,0.004
2020-02-08,4,NO2,0.03
2020-02-08,4,SO2,0.015
2020-02-08,5,NH3,0
2020-02-08,5,NO2,0.06
2020-02-08,5,SO2,0.010
2020-02-08,6,NO2,0.06
2020-02-08,6,SO2,0.012
2020-02-10,0,HCOH,0.010
2020-02-10,0,NO,0.04
2020-02-10,0,NO2,0.03
2020-02-10,0,SO2,0.006
2020-02-10,1,NH3,0.03
2020-02-10,1,NO2,0.03
2020-02-10,1,SO2,0.024
2020-02-10,2,NO,0.05
2020-02-10,2,NO2,0.03
2020-02-10,2,SO2,0.006
2020-02-10,3,HCOH,0.006
2020-02-10,3,NO2,0.09
2020-02-10,3,SO2,0.011
2020-02-10,4,NO2,0.02
2020-02-10,4,SO2,0.009
2020-02-10,5,NH3,0.02
2020-02-10,5,NO2,0.05
2020-02-10,5,SO2,0.002
2020-02-10,6,NO2,0.06
2020-02-10,6,SO2,0.021
2020-02-11,0,HCOH,0.002
2020-02-11,0,NO,0
2020-02-11,0,NO2,0
2020-02-11,0,SO2,0.006
2020-02-11,1,NH3,0.01
2020-02-11,1,NO2,0
2020-02-11,1,SO2,0.004
2020-02-11,2,NO,0.03
2020-02-11,2,NO2,0.10
2020-02-11,2,SO2,0.003
2020-02-11,3,HCOH,0
2020-02-11,3,NO2,0.06
2020-02-11,3,SO2,0.003
2020-02-11,5,NH3,0
2020-02-11,5,NO2,0.01
2020-02-11,5,SO2,0.004
2020-02-11,6,NO2,0.04
2020-02-11,6,SO2,0.013
2020-02-12,0,HCOH,0
2020-02-12,0,NO,0.08
2020-02-12,0,NO2,0.04
2020-02-12,0,SO2,0.014
2020-02-12,1,NH3,0
2020-02-12,1,NO2,0.04
2020-02-12,1,SO2,0.006
2020-02-12,2,NO,0.04
2020-02-12,2,NO2,0.05
2020-02-12,2,SO2,0.007
2020-02-12,3,HCOH,0.005
2020-02-12,3,NO2,0.06
2020-02-12,3,SO2,0.009
2020-02-12,4,NO2,0.07
2020-02-12,4,SO2,0.009
2020-02-12,5,NH3,0
2020-02-12,5,NO2,0.06
2020-02-12,5,SO2,0.018
2020-02-12,6,NO2,0.07
2020-02-12,6,SO2,0.016
2020-02-13,0,HCOH,0.002
2020-02-13,0,NO,0.04
2020-02-13,0,NO2,0.03
2020-02-13,0,SO2,0
2020-02-13,1,NH3,0.01
2020-02-13,1,NO2,0.01
2020-02-13,1,SO2,0.006
2020-02-13,2,NO,0.06
2020-02-13,2,NO2,0.06
2020-02-13,2,SO2,0
2020-02-13,3,HCOH,0
2020-02-13,3,NO2,0.03
2020-02-13,3,SO2,0.009
2020-02-13,4,NO2,0.03
2020-02-13,4,SO2,0.003
2020-02-13,5,NH3,0
2020-02-13,5,NO2,0.05
2020-02-13,5,SO2,0.009
2020-02-13,6,NO2,0.08
2020-02-13,6,SO2,0.017
2020-02-14,0,HCOH,0.003
2020-02-14,0,NO,0.05
2020-02-14,0,NO2,0.04
2020-02-14,0,SO2,0
2020-02-14,1,NH3,0.03
2020-02-14,1,NO2,0.01
2020-02-14,1,SO2,0
2020-02-14,2,NO,0.02
2020-02-14,2,NO2,0.05
2020-02-14,2,SO2,0
2020-02-14,3,HCOH,0
2020-02-14,3,NO2,0.05
2020-02-14,3,SO2,0
2020-02-14,4,NO2,0.07
2020-02-14,4,SO2,0.006
2020-02-14,5,NH3,0
2020-02-14,5,NO2,0.04
2020-02-14,5,SO2,0.003
2020-02-14,6,NO2,0.04
2020-02-14,6,SO2,0
2020-02-15,0,HCOH,0.006
2020-02-15,0,NO,0.14
2020-02-15,0,NO2,0.05
2020-02-15,0,SO2,0.006
2020-02-15,1,NH3,0
2020-02-15,1,NO2,0.05
2020-02-15,1,SO2,0.015
2020-02-15,2,NO,0.07
2020-02-15,2,NO2,0.10
2020-02-15,2,SO2,0.018
2020-02-15,3,HCOH,0.004
2020-02-15,3,NO2,0.06
2020-02-15,3,SO2,0.003
2020-02-15,4,NO2,0.08
2020-02-15,4,SO2,0.003
2020-02-15,5,NH3,0
2020-02-15,5,NO2,0.07
2020-02-15,5,SO2,0.015
2020-02-15,6,NO2,0.15
2020-02-15,6,SO2,0.018
2020-02-17,0,HCOH,0.013
2020-02-17,0,NO,0.12
2020-02-17,0,NO2,0.06
2020-02-17,0,SO2,0.010
2020-02-17,1,NH3,0.01
2020-02-17,1,NO2,0.04
2020-02-17,1,SO2,0.031
2020-02-17,2,NO,0.05
2020-02-17,2,NO2,0.06
2020-02-17,2,SO2,0.021
2020-02-17,3,HCOH,0.010
2020-02-17,3,NO2,0.04
2020-02-17,3,SO2,0.010
2020-02-17,4,NO2,0.06
2020-02-17,4,SO2,0.011
2020-02-17,5,NH3,0
2020-02-17,5,NO2,0.06
2020-02-17,5,SO2,0.006
2020-02-18,0,HCOH,0.007
2020-02-18,0,NO,0.05
2020-02-18,0,NO2,0.01
2020-02-18,0,SO2,0.012
2020-02-18,1,NH3,0.11
2020-02-18,1,NO2,0.04
2020-02-18,1,SO2,0.017
2020-02-18,2,NO,0.05
2020-02-18,2,NO2,0.06
2020-02-18,2,SO2,0.008
2020-02-18,3,HCOH,0.009
2020-02-18,3,NO2,0.04
2020-02-18,3,SO2,0.010
2020-02-18,4,NO2,0.04
2020-02-18,4,SO2,0.010
2020-02-18,5,NH3,0
2020-02-18,5,NO2,0.10
2020-02-18,5,SO2,0.017
2020-02-19,0,HCOH,0.002
2020-02-19,0,NO,0.06
2020-02-19,0,NO2,0.03
2020-02-19,0,SO2,0.015
2020-02-19,1,NH3,0
2020-02-19,1,NO2,0.04
2020-02-19,1,SO2,0.024
2020-02-19,2,NO,0.04
2020-02-19,2,NO2,0.05
2020-02-19,2,SO2,0.014
2020-02-19,3,HCOH,0.001
2020-02-19,3,NO2,0.06
2020-02-19,3,SO2,0.012
2020-02-19,4,NO2,0.04
2020-02-19,4,SO2,0.015
2020-02-19,5,NH3,0
2020-02-19,5,NO2,0.06
2020-02-19,5,SO2,0.016
2020-02-20,0,HCOH,0
2020-02-20,0,NO,0.12
2020-02-20,0,NO2,0.06
2020-02-20,0,SO2,0.016
2020-02-20,1,NH3,0
2020-02-20,1,NO2,0.04
2020-02-20,1,SO2,0.030
2020-02-20,2,NO,0.03
2020-02-20,2,NO2,0.05
2020-02-20,2,SO2,0
2020-02-20,3,HCOH,0.008
2020-02-20,3,NO2,0.03
2020-02-20,3,SO2,0.022
2020-02-20,4,NO2,0.06
2020-02-20,4,SO2,0
2020-02-20,5,NH3,0
2020-02-20,5,NO2,0.06
2020-02-20,5,SO2,0.025
2020-02-21,0,HCOH,0.006
2020-02-21,0,NO,0.11
2020-02-21,0,NO2,0.06
2020-02-21,0,SO2,0.006
2020-02-21,1,NH3,0
2020-02-21,1,NO2,0.06
2020-02-21,1,SO2,0.015
2020-02-21,2,NO,0.02
2020-02-21,2,NO2,0.04
2020-02-21,2,SO2,0
2020-02-21,3,HCOH,0
2020-02-21,3,NO2,0.07
2020-02-21,3,SO2,0
2020-02-21,4,NO2,0.07
2020-02-21,4,SO2,0
2020-02-21,5,NH3,0.02
2020-02-21,5,NO2,0.10
2020-02-21,5,SO2,0.010
2020-02-22,0,HCOH,0
2020-02-22,0,NO,0.10
2020-02-22,0,NO2,0.04
2020-02-22,0,SO2,0
2020-02-22,1,NH3,0
2020-02-22,1,NO2,0.08
2020-02-22,1,SO2,0.006
2020-02-22,14,NO2,0.01
2020-02-22,14,SO2,0
2020-02-22,2,NO,0.02
2020-02-22,2,NO2,0.04
2020-02-22,2,SO2,0.004
2020-02-22,3,HCOH,0.004
2020-02-22,3,NO2,0.05
2020-02-22,3,SO2,0.011
2020-02-22,4,NO2,0.07
2020-02-22,4,SO2,0.003
2020-02-22,5,NH3,0
2020-02-22,5,NO2,0.08
2020-02-22,5,SO2,0.007
2020-02-24,0,HCOH,0.010
2020-02-24,0,NO,0.03
2020-02-24,0,NO2,0.03
2020-02-24,0,SO2,0
2020-02-24,1,NH3,0
2020-02-24,1,NO2,0.07
2020-02-24,1,SO2,0.003
2020-02-24,14,NO2,0.02
2020-02-24,14,SO2,0.006
2020-02-24,2,NO,0.01
2020-02-24,2,NO2,0.05
2020-02-24,2,SO2,0.004
2020-02-24,3,HCOH,0
2020-02-24,3,NO2,0.07
2020-02-24,3,SO2,0.003
2020-02-24,4,NO2,0.07
2020-02-24,4,SO2,0
2020-02-24,5,NH3,0
2020-02-24,5,NO2,0.07
2020-02-24,5,SO2,0.004
2020-02-25,0,HCOH,0.006
2020-02-25,0,NO,0.08
2020-02-25,0,NO2,0.07
2020-02-25,0,SO2,0.002
2020-02-25,1,NH3,0
2020-02-25,1,NO2,0.03
2020-02-25,1,SO2,0
2020-02-25,2,NO,0.04
2020-02-25,2,NO2,0.05
2020-02-25,2,SO2,0.009
2020-02-25,3,HCOH,0.015
2020-02-25,3,NO2,0.05
2020-02-25,3,SO2,0.009
2020-02-25,4,NO2,0.08
2020-02-25,4,SO2,0.006
2020-02-25,5,NH3,0
2020-02-25,5,NO2,0.06
2020-02-25,5,SO2,0.007
2020-02-26,0,HCOH,0.015
2020-02-26,0,NO,0.13
2020-02-26,0,NO2,0.02
2020-02-26,0,SO2,0.006
2020-02-26,1,NH3,0
2020-02-26,1,NO2,0.03
2020-02-26,1,SO2,0.003
2020-02-26,2,NO,0.05
2020-02-26,2,NO2,0.05
2020-02-26,2,SO2,0.006
2020-02-26,3,HCOH,0
2020-02-26,3,NO2,0.04
2020-02-26,3,SO2,0.012
2020-02-26,4,NO2,0.05
2020-02-26,4,SO2,0.004
2020-02-26,5,NH3,0
2020-02-26,5,NO2,0.06
2020-02-26,5,SO2,0
2020-02-27,0,HCOH,0.010
2020-02-27,0,NO,0.11
2020-02-27,0,NO2,0.04
2020-02-27,0,SO2,0
2020-02-27,1,NH3,0
2020-02-27,1,NO2,0.02
2020-02-27,1,SO2,0.006
2020-02-27,2,NO,0.02
2020-02-27,2,NO2,0.01
2020-02-27,2,SO2,0
2020-02-27,3,HCOH,0.005
2020-02-27,3,NO2,0.04
2020-02-27,3,SO2,0
2020-02-27,4,NO2,0.06
2020-02-27,4,SO2,0
2020-02-27,5,NH3,0
2020-02-27,5,NO2,0.05
2020-02-27,5,SO2,0
2020-02-28,0,HCOH,0.006
2020-02-28,0,NO,0.02
2020-02-28,0,NO2,0.01
2020-02-28,0,SO2,0
2020-02-28,1,NH3,0
2020-02-28,1,NO2,0.02
2020-02-28,1,SO2,0.004
2020-02-28,2,NO,0.03
2020-02-28,2,NO2,0
2020-02-28,2,SO2,0
2020-02-28,3,HCOH,0.002
2020-02-28,3,NO2,0.05
2020-02-28,3,SO2,0.006
2020-02-28,4,NO2,0.04
2020-02-28,4,SO2,0.008
2020-02-28,5,NH3,0
2020-02-28,5,NO2,0.04
2020-02-28,5,SO2,0
2020-02-28,8,NO2,0.01
2020-02-28,8,SO2,0.002
2020-02-29,0,HCOH,0.011
2020-02-29,0,NO,0.08
2020-02-29,0,NO2,0.01
2020-02-29,0,SO2,0
2020-02-29,1,NH3,0
2020-02-29,1,NO2,0.02
2020-02-29,1,SO2,0.010
2020-02-29,14,NO2,0.01
2020-02-29,14,SO2,0
2020-02-29,2,NO,0.02
2020-02-29,2,NO2,0.13
2020-02-29,2,SO2,0.006
2020-02-29,3,HCOH,0.007
2020-02-29,3,NO2,0.04
2020-02-29,3,SO2,0
2020-02-29,4,NO2,0.06
2020-02-29,4,SO2,0
2020-02-29,5,NH3,0
2020-02-29,5,NO2,0.08
2020-02-29,5,SO2,0.002
2020-02-29,8,NO2,0.02
2020-02-29,8,SO2,0.002
2020-03-02,0,HCOH,0.006
2020-03-02,0,NO,0.08
2020-03-02,0,NO2,0.04
2020-03-02,0,SO2,0.003
2020-03-02,1,NH3,0
2020-03-02,1,NO2,0.03
2020-03-02,1,SO2,0.004
2020-03-02,2,NO,0.02
2020-03-02,2,NO2,0.05
2020-03-02,2,SO2,0
2020-03-02,3,HCOH,0.002
2020-03-02,3,NO2,0.07
2020-03-02,3,SO2,0
2020-03-02,4,NO2,0.04
2020-03-02,4,SO2,0
2020-03-03,0,HCOH,0.005
2020-03-03,0,NO,0.04
2020-03-03,0,NO2,0.03
2020-03-03,0,SO2,0.006
2020-03-03,1,NH3,0
2020-03-03,1,NO2,0.01
2020-03-03,1,SO2,0.003
2020-03-03,2,NO,0.03
2020-03-03,2,NO2,0.06
2020-03-03,2,SO2,0
2020-03-03,3,HCOH,0.014
2020-03-03,3,NO2,0.05
2020-03-03,3,SO2,0.006
2020-03-03,4,NO2,0.04
2020-03-03,4,SO2,0
2020-03-04,0,HCOH,0.010
2020-03-04,0,NO,0.05
2020-03-04,0,NO2,0.03
2020-03-04,0,SO2,0.003
2020-03-04,1,NH3,0
2020-03-04,1,NO2,0.03
2020-03-04,1,SO2,0
2020-03-04,2,NO,0.02
2020-03-04,2,NO2,0.04
2020-03-04,2,SO2,0
2020-03-04,3,HCOH,0.004
2020-03-04,3,NO2,0.06
2020-03-04,3,SO2,0
2020-03-04,4,NO2,0.05
2020-03-04,4,SO2,0
2020-03-05,0,HCOH,0.009
2020-03-05,0,NO,0.11
2020-03-05,0,NO2,0.04
2020-03-05,0,SO2,0
2020-03-05,1,NH3,0
2020-03-05,1,NO2,0.04
2020-03-05,1,SO2,0
2020-03-05,2,NO,0.02
2020-03-05,2,NO2,0.02
2020-03-05,2,SO2,0
2020-03-05,3,HCOH,0.010
2020-03-05,3,NO2,0.05
2020-03-05,3,SO2,0
2020-03-05,4,NO2,0.05
2020-03-05,4,SO2,0
2020-03-05,5,NH3,0.03
2020-03-05,5,NO2,0.09
2020-03-05,5,SO2,0
2020-03-06,0,HCOH,0.012
2020-03-06,0,NO,0.15
2020-03-06,0,NO2,0.03
2020-03-06,0,SO2,0
2020-03-06,1,NH3,0.02
2020-03-06,1,NO2,0.03
2020-03-06,1,SO2,0.004
2020-03-06,2,NO,0.03
2020-03-06,2,NO2,0.04
2020-03-06,2,SO2,0
2020-03-06,3,HCOH,0.004
2020-03-06,3,NO2,0.06
2020-03-06,3,SO2,0
2020-03-06,4,NO2,0.06
2020-03-06,4,SO2,0
2020-03-06,5,NH3,0.03
2020-03-06,5,NO2,0.02
2020-03-06,5,SO2,0
2020-03-07,0,HCOH,0.009
2020-03-07,0,NO,0.04
2020-03-07,0,NO2,0.02
2020-03-07,0,SO2,0
2020-03-07,1,NH3,0.01
2020-03-07,1,NO2,0.01
2020-03-07,1,SO2,0
2020-03-07,14,NO2,0.01
2020-03-07,14,SO2,0
2020-03-07,2,NO,0.02
2020-03-07,2,NO2,0.04
2020-03-07,2,SO2,0
2020-03-07,3,HCOH,0.012
2020-03-07,3,NO2,0.06
2020-03-07,3,SO2,0
2020-03-07,4,NO2,0.07
2020-03-07,4,SO2,0
2020-03-09,0,HCOH,0.015
2020-03-09,0,NO,0.02
2020-03-09,0,NO2,0.06
2020-03-09,0,SO2,0.002
2020-03-09,1,NH3,0
2020-03-09,1,NO2,0.01
2020-03-09,1,SO2,0
2020-03-09,14,NO2,0.03
2020-03-09,14,SO2,0.001
2020-03-09,2,NO,0.01
2020-03-09,2,NO2,0.04
2020-03-09,2,SO2,0
2020-03-09,3,HCOH,0.007
2020-03-09,3,NO2,0.03
2020-03-09,3,SO2,0
2020-03-09,4,NO2,0.05
2020-03-09,4,SO2,0
2020-03-09,5,NH3,0.05
2020-03-09,5,NO2,0.06
2020-03-09,5,SO2,0.001
2020-03-10,0,HCOH,0.009
2020-03-10,0,NO,0.06
2020-03-10,0,NO2,0.04
2020-03-10,0,SO2,0
2020-03-10,1,NH3,0.10
2020-03-10,1,NO2,0.06
2020-03-10,1,SO2,0
2020-03-10,2,NO,0.01
2020-03-10,2,NO2,0.02
2020-03-10,2,SO2,0
2020-03-10,3,HCOH,0.015
2020-03-10,3,NO2,0.05
2020-03-10,3,SO2,0
2020-03-10,4,NO2,0.05
2020-03-10,4,SO2,0
2020-03-10,5,NH3,0
2020-03-10,5,NO2,0.09
2020-03-10,5,SO2,0
2020-03-11,0,HCOH,0.004
2020-03-11,0,NO,0.05
2020-03-11,0,NO2,0.05
2020-03-11,0,SO2,0
2020-03-11,1,NH3,0
2020-03-11,1,NO2,0.04
2020-03-11,1,SO2,0
2020-03-11,2,NO,0.01
2020-03-11,2,NO2,0.04
2020-03-11,2,SO2,0
2020-03-11,3,HCOH,0.006
2020-03-11,3,NO2,0.05
2020-03-11,3,SO2,0
2020-03-11,4,NO2,0.05
2020-03-11,4,SO2,0
2020-03-11,5,NH3,0.04
2020-03-11,5,NO2,0.03
2020-03-11,5,SO2,0
2020-03-12,0,HCOH,0.004
2020-03-12,0,NO,0.07
2020-03-12,0,NO2,0.04
2020-03-12,0,SO2,0
2020-03-12,1,NH3,0.03
2020-03-12,1,NO2,0.05
2020-03-12,1,SO2,0
2020-03-12,2,NO,0.02
2020-03-12,2,NO2,0.03
2020-03-12,2,SO2,0
2020-03-12,3,HCOH,0
2020-03-12,3,NO2,0.07
2020-03-12,3,SO2,0
2020-03-12,4,NO2,0.08
2020-03-12,4,SO2,0
2020-03-12,5,NH3,0
2020-03-12,5,NO2,0.06
2020-03-12,5,SO2,0
2020-03-13,0,HCOH,0.012
2020-03-13,0,NO,0.05
2020-03-13,0,NO2,0.07
2020-03-13,0,SO2,0
2020-03-13,1,NH3,0
2020-03-13,1,NO2,0.04
2020-03-13,1,SO2,0
2020-03-13,2,NO,0.04
2020-03-13,2,NO2,0.04
2020-03-13,2,SO2,0
2020-03-13,3,HCOH,0.015
2020-03-13,3,NO2,0.08
2020-03-13,3,SO2,0
2020-03-13,4,NO2,0.05
2020-03-13,4,SO2,0
2020-03-13,5,NH3,0.04
2020-03-13,5,NO2,0.06
2020-03-13,5,SO2,0
2020-03-14,0,HCOH,0.010
2020-03-14,0,NO,0.12
2020-03-14,0,NO2,0.07
2020-03-14,0,SO2,0
2020-03-14,1,NH3,0.11
2020-03-14,1,NO2,0.06
2020-03-14,1,SO2,0
2020-03-14,2,NO,0.03
2020-03-14,2,NO2,0.04
2020-03-14,2,SO2,0
2020-03-14,3,HCOH,0.006
2020-03-14,3,NO2,0.13
2020-03-14,3,SO2,0
2020-03-14,4,NO2,0.07
2020-03-14,4,SO2,0
2020-03-14,5,NH3,0.06
2020-03-14,5,NO2,0.11
2020-03-14,5,SO2,0
2020-03-16,1,NH3,0.06
2020-03-16,1,NO2,0.03
2020-03-16,1,SO2,0
2020-03-16,10,NO,0.04
2020-03-16,10,NO2,0.04
2020-03-16,10,SO2,0
2020-03-16,11,NO,0.07
2020-03-16,11,NO2,0.04
2020-03-16,11,SO2,0
2020-03-16,12,NO2,0.11
2020-03-16,12,SO2,0
2020-03-16,14,NO2,0.01
2020-03-16,14,SO2,0
2020-03-16,2,NO,0.03
2020-03-16,2,NO2,0.05
2020-03-16,2,SO2,0
2020-03-16,3,HCOH,0.010
2020-03-16,3,NO2,0.09
2020-03-16,3,SO2,0
2020-03-16,4,NO2,0.08
2020-03-16,4,SO2,0
2020-03-16,5,NH3,0.11
2020-03-16,5,NO2,0.06
2020-03-16,5,SO2,0
2020-03-16,9,NO2,0.05
2020-03-16,9,SO2,0
2020-03-17,1,NH3,0
2020-03-17,1,NO2,0.06
2020-03-17,1,SO2,0
2020-03-17,2,NO,0.05
2020-03-17,2,NO2,0.06
2020-03-17,2,SO2,0
2020-03-17,3,HCOH,0.010
2020-03-17,3,NO2,0.06
2020-03-17,3,SO2,0
2020-03-17,4,NO2,0.06
2020-03-17,4,SO2,0
2020-03-17,5,NH3,0
2020-03-17,5,NO2,0.06
2020-03-17,5,SO2,0
2020-03-18,1,NH3,0.12
2020-03-18,1,NO2,0.04
2020-03-18,1,SO2,0
2020-03-18,2,NO,0.04
2020-03-18,2,NO2,0.05
2020-03-18,2,SO2,0
2020-03-18,3,HCOH,0.015
2020-03-18,3,NO2,0.06
2020-03-18,3,SO2,0
2020-03-18,4,NO2,0.05
2020-03-18,4,SO2,0
2020-03-18,5,NH3,0
2020-03-18,5,NO2,0.04
2020-03-18,5,SO2,0
2020-03-19,1,NH3,0.04
2020-03-19,1,NO2,0.01
2020-03-19,1,SO2,0
2020-03-19,2,NO,0.03
2020-03-19,2,NO2,0.08
2020-03-19,2,SO2,0
2020-03-19,3,HCOH,0.006
2020-03-19,3,NO2,0.04
2020-03-19,3,SO2,0
2020-03-19,4,NO2,0.05
2020-03-19,4,SO2,0
2020-03-19,5,NH3,0.03
2020-03-19,5,NO2,0.02
2020-03-19,5,SO2,0
2020-03-20,0,HCOH,0.012
2020-03-20,0,NO,0.03
2020-03-20,0,NO2,0.03
2020-03-20,0,SO2,0
2020-03-20,1,NH3,0
2020-03-20,1,NO2,0.05
2020-03-20,1,SO2,0
2020-03-20,2,NO,0.02
2020-03-20,2,NO2,0.03
2020-03-20,2,SO2,0
2020-03-20,3,HCOH,0.015
2020-03-20,3,NO2,0.07
2020-03-20,3,SO2,0.003
2020-03-20,4,NO2,0.06
2020-03-20,4,SO2,0
2020-03-20,5,NH3,0.03
2020-03-20,5,NO2,0.07
2020-03-20,5,SO2,0
2020-03-20,6,NO2,0.12
2020-03-20,6,SO2,0.001
2020-03-23,0,HCOH,0.012
2020-03-23,0,NO,0.12
2020-03-23,0,NO2,0.04
2020-03-23,0,SO2,0
2020-03-23,1,NH3,0
2020-03-23,1,NO2,0.03
2020-03-23,1,SO2,0
2020-03-23,2,NO,0.11
2020-03-23,2,NO2,0.08
2020-03-23,2,SO2,0
2020-03-23,3,HCOH,0.012
2020-03-23,3,NO2,0.03
2020-03-23,3,SO2,0
2020-03-23,4,NO2,0.03
2020-03-23,4,SO2,0.004
2020-03-23,5,NH3,0.04
2020-03-23,5,NO2,0.05
2020-03-23,5,SO2,0
2020-03-23,6,NO2,0.08
2020-03-23,6,SO2,0
2020-03-24,0,HCOH,0.006
2020-03-24,0,NO,0.02
2020-03-24,0,NO2,0.04
2020-03-24,0,SO2,0
2020-03-24,1,NH3,0.03
2020-03-24,1,NO2,0.03
2020-03-24,1,SO2,0
2020-03-24,3,HCOH,0.006
2020-03-24,3,NO2,0.03
2020-03-24,3,SO2,0
2020-03-24,4,NO2,0.04
2020-03-24,4,SO2,0
2020-03-24,5,NH3,0.05
2020-03-24,5,NO2,0.02
2020-03-24,5,SO2,0
2020-03-24,6,NO2,0.05
2020-03-24,6,SO2,0
2020-03-27,1,NH3,0
2020-03-27,1,NO2,0.03
2020-03-27,1,SO2,0
2020-03-27,2,NO,0.13
2020-03-27,2,NO2,0.02
2020-03-27,2,SO2,0
2020-03-28,1,NH3,0
2020-03-28,1,NO2,0.05
2020-03-28,1,SO2,0.001
2020-03-28,2,NO,0.12
2020-03-28,2,NO2,0.01
2020-03-28,2,SO2,0.007
2020-03-28,3,HCOH,0.004
2020-03-28,3,NO2,0.03
2020-03-28,3,SO2,0
2020-03-28,4,NO2,0.02
2020-03-28,4,SO2,0
2020-03-30,1,NH3,0
2020-03-30,1,NO2,0.05
2020-03-30,1,SO2,0.003
2020-03-30,2,NO,0.09
2020-03-30,2,NO2,0.07
2020-03-30,2,SO2,0
2020-03-30,3,HCOH,0.002
2020-03-30,3,NO2,0.05
2020-03-30,3,SO2,0
2020-03-30,4,NO2,0.05
2020-03-30,4,SO2,0
2020-03-30,5,NH3,0
2020-03-30,5,NO2,0.02
2020-03-30,5,SO2,0
2020-03-31,1,NH3,0.06
2020-03-31,1,NO2,0.05
2020-03-31,1,SO2,0
2020-03-31,2,NO,0.04
2020-03-31,2,NO2,0.02
2020-03-31,2,SO2,0
2020-03-31,3,HCOH,0.008
2020-03-31,3,NO2,0.06
2020-03-31,3,SO2,0.002
2020-03-31,4,NO2,0.04
2020-03-31,4,SO2,0
2020-03-31,5,NH3,0.07
2020-03-31,5,NO2,0.02
2020-03-31,5,SO2,0
2020-04-01,0,PM2.5,5
2020-04-01,1,NH3,0
2020-04-01,1,NO2,0.02
2020-04-01,1,SO2,0
2020-04-01,2,NO,0.05
2020-04-01,2,NO2,0.02
2020-04-01,2,SO2,0.004
2020-04-01,3,HCOH,0
2020-04-01,3,NO2,0.02
2020-04-01,3,SO2,0
2020-04-01,4,NO2,0.02
2020-04-01,4,SO2,0
2020-04-01,5,NH3,0
2020-04-01,5,NO2,0.03
2020-04-01,5,SO2,0.001
2020-04-01,6,NO2,0.06
2020-04-01,6,SO2,0
2020-04-02,1,NH3,0
2020-04-02,1,NO2,0.04
2020-04-02,1,SO2,0
2020-04-02,2,NO,0.03
2020-04-02,2,NO2,0.03
2020-04-02,2,SO2,0
2020-04-02,3,HCOH,0.004
2020-04-02,3,NO2,0.04
2020-04-02,3,SO2,0.002
2020-04-02,4,NO2,0.03
2020-04-02,4,SO2,0
2020-04-02,5,NH3,0.01
2020-04-02,5,NO2,0.02
2020-04-02,5,SO2,0
2020-04-02,6,NO2,0.05
2020-04-02,6,SO2,0
2020-04-03,1,NH3,0
2020-04-03,1,NO2,0.01
2020-04-03,1,SO2,0
2020-04-03,2,NO,0.07
2020-04-03,2,NO2,0.02
2020-04-03,2,SO2,0
2020-04-03,3,HCOH,0.003
2020-04-03,3,NO2,0.02
2020-04-03,3,SO2,0
2020-04-03,4,NO2,0.03
2020-04-03,4,SO2,0
2020-04-03,5,NH3,0
2020-04-03,5,NO2,0.02
2020-04-03,5,SO2,0
2020-04-03,6,NO2,0.04
2020-04-03,6,SO2,0
2020-04-04,1,NH3,0
2020-04-04,1,NO2,0.02
2020-04-04,1,SO2,0
2020-04-04,2,NO,0.07
2020-04-04,2,NO2,0.03
2020-04-04,2,SO2,0
2020-04-04,3,HCOH,0.003
2020-04-04,3,NO2,0.06
2020-04-04,3,SO2,0
2020-04-04,4,NO2,0.03
2020-04-04,4,SO2,0
2020-04-04,5,NH3,0.01
2020-04-04,5,NO2,0.04
2020-04-04,5,SO2,0.003
2020-04-04,6,NO2,0.07
2020-04-04,6,SO2,0.003
2020-04-06,1,NH3,0.02
2020-04-06,1,NO2,0.05
2020-04-06,1,SO2,0
2020-04-06,2,NO,0.06
2020-04-06,2,NO2,0.03
2020-04-06,2,SO2,0
2020-04-06,3,HCOH,0
2020-04-06,3,NO2,0.03
2020-04-06,3,SO2,0
2020-04-06,4,NO2,0.06
2020-04-06,4,SO2,0
2020-04-06,5,NH3,0
2020-04-06,5,NO2,0.05
2020-04-06,5,SO2,0
2020-04-06,6,NO2,0.05
2020-04-06,6,SO2,0
2020-04-08,0,HCOH,0.003
2020-04-08,0,NO,0.07
2020-04-08,0,NO2,0.05
2020-04-08,0,SO2,0
2020-04-08,1,NH3,0.03
2020-04-08,1,NO2,0.05
2020-04-08,1,SO2,0.001
2020-04-08,2,NO,0.04
2020-04-08,2,NO2,0.03
2020-04-08,2,SO2,0
2020-04-08,3,NO2,0.03
2020-04-08,3,SO2,0
2020-04-08,4,NO2,0.04
2020-04-08,4,SO2,0
2020-04-08,5,NO2,0.04
2020-04-08,5,SO2,0
2020-04-08,6,NO2,0.07
2020-04-08,6,SO2,0
2020-04-09,1,NH3,0.02
2020-04-09,1,NO2,0.05
2020-04-09,1,SO2,0
2020-04-09,2,NO,0.05
2020-04-09,2,NO2,0.04
2020-04-09,2,SO2,0
2020-04-10,1,NH3,0.03
2020-04-10,1,NO2,0.04
2020-04-10,1,SO2,0
2020-04-10,2,NO,0.03
2020-04-10,2,NO2,0.02
2020-04-10,2,SO2,0
2020-04-11,1,NH3,0.03
2020-04-11,1,NO2,0.04
2020-04-11,1,SO2,0
2020-04-11,2,NO,0.03
2020-04-11,2,NO2,0.03
2020-04-11,2,SO2,0
2020-04-13,1,NH3,0
2020-04-13,1,NO2,0.03
2020-04-13,1,SO2,0
2020-04-13,2,NO,0.02
2020-04-13,2,NO2,0.01
2020-04-13,2,SO2,0
2020-04-17,1,NH3,0
2020-04-17,1,NO2,0.05
2020-04-17,1,SO2,0
2020-04-18,1,NH3,0.02
2020-04-18,1,NO2,0.06
2020-04-18,1,SO2,0
2020-04-20,1,NH3,0
2020-04-20,1,NO2,0.04
2020-04-20,1,SO2,0
2020-04-21,1,NH3,0.01
2020-04-21,1,NO2,0.04
2020-04-21,1,SO2,0
2020-04-22,1,NH3,0.03
2020-04-22,1,NO2,0.05
2020-04-22,1,SO2,0
2020-05-30,13,NO2,0.02
2020-05-30,13,SO2,0
2020-05-30,8,NO2,0.02
2020-05-30,8,SO2,0.002
2020-06-01,0,HCOH,0.005
2020-06-01,0,NO,0.03
2020-06-01,0,NO2,0.05
2020-06-01,0,SO2,0
2020-06-01,6,NO2,0.10
2020-06-01,6,SO2,0.003
2020-06-02,0,HCOH,0.005
2020-06-02,0,NO,0.03
2020-06-02,0,NO2,0.25
2020-06-02,0,SO2,0
2020-06-02,6,NO2,0.05
2020-06-02,6,SO2,0
2020-06-03,0,HCOH,0.021
2020-06-03,0,NO,0.08
2020-06-03,0,NO2,0.10
2020-06-03,0,SO2,0
2020-06-03,6,NO2,0.16
2020-06-03,6,SO2,0.009
2020-06-04,0,HCOH,0.026
2020-06-04,0,NO,0.05
2020-06-04,0,NO2,0.07
2020-06-04,0,SO2,0.005
2020-06-04,6,NO2,0.11
2020-06-04,6,SO2,0.003
2020-06-05,0,HCOH,0.007
2020-06-05,0,NO,0.08
2020-06-05,0,NO2,0.06
2020-06-05,0,SO2,0.003
2020-06-05,6,NO2,0.10
2020-06-05,6,SO2,0.004
2020-06-06,0,HCOH,0.010
2020-06-06,0,NO,0.06
2020-06-06,0,NO2,0.04
2020-06-06,0,SO2,0.002
2020-06-06,6,NO2,0.08
2020-06-06,6,SO2,0
2020-06-08,0,HCOH,0.013
2020-06-08,0,NO,0.05
2020-06-08,0,NO2,0.05
2020-06-08,0,SO2,0
2020-06-08,6,NO2,0.07
2020-06-08,6,SO2,0
2020-06-09,0,HCOH,0.010
2020-06-09,0,NO,0.03
2020-06-09,0,NO2,0.01
2020-06-09,0,SO2,0.001
2020-06-09,1,NH3,0
2020-06-09,1,NO2,0.02
2020-06-09,1,SO2,0
2020-06-09,3,HCOH,0.006
2020-06-09,3,NO2,0.05
2020-06-09,3,SO2,0.004
2020-06-09,6,NO2,0.06
2020-06-09,6,SO2,0.003
2020-06-10,0,HCOH,0.014
2020-06-10,0,NO,0.21
2020-06-10,0,NO2,0.08
2020-06-10,0,SO2,0
2020-06-10,1,NH3,0.01
2020-06-10,1,NO2,0.03
2020-06-10,1,SO2,0
2020-06-10,3,HCOH,0.017
2020-06-10,3,NO2,0.04
2020-06-10,3,SO2,0
2020-06-10,6,NO2,0.07
2020-06-10,6,SO2,0
2020-06-11,0,HCOH,0.006
2020-06-11,0,NO,0.03
2020-06-11,0,NO2,0.04
2020-06-11,0,SO2,0
2020-06-11,1,NH3,0.01
2020-06-11,1,NO2,0.04
2020-06-11,1,SO2,0.001
2020-06-11,3,HCOH,0.015
2020-06-11,3,NO2,0.05
2020-06-11,3,SO2,0
2020-06-11,4,NO2,0.05
2020-06-11,4,SO2,0.003
2020-06-11,6,NO2,0.02
2020-06-11,6,SO2,0
2020-06-12,0,HCOH,0.006
2020-06-12,0,NO,0.09
2020-06-12,0,NO2,0.02
2020-06-12,0,SO2,0
2020-06-12,1,NH3,0
2020-06-12,1,NO2,0.03
2020-06-12,1,SO2,0
2020-06-12,2,NO,0.06
2020-06-12,2,NO2,0.03
2020-06-12,2,SO2,0
2020-06-12,3,HCOH,0.009
2020-06-12,3,NO2,0.08
2020-06-12,3,SO2,0
2020-06-12,4,NO2,0.06
2020-06-12,4,SO2,0
2020-06-12,6,NO2,0.12
2020-06-12,6,SO2,0.003
2020-06-13,0,HCOH,0.006
2020-06-13,0,NO,0.03
2020-06-13,0,NO2,0.04
2020-06-13,0,SO2,0.003
2020-06-13,1,NH3,0.02
2020-06-13,1,NO2,0.03
2020-06-13,1,SO2,0.001
2020-06-13,2,NO,0.01
2020-06-13,2,NO2,0.04
2020-06-13,2,SO2,0
2020-06-13,3,HCOH,0.007
2020-06-13,3,NO2,0.09
2020-06-13,3,SO2,0
2020-06-13,4,NO2,0.04
2020-06-13,4,SO2,0.003
2020-06-13,6,NO2,0.03
2020-06-13,6,SO2,0
2020-06-15,0,HCOH,0.010
2020-06-15,0,NO,0.03
2020-06-15,0,NO2,0.05
2020-06-15,0,SO2,0.003
2020-06-15,1,NH3,0.02
2020-06-15,1,NO2,0.03
2020-06-15,1,SO2,0.001
2020-06-15,2,NO,0.02
2020-06-15,2,NO2,0.03
2020-06-15,2,SO2,0
2020-06-15,3,HCOH,0.007
2020-06-15,3,NO2,0.08
2020-06-15,3,SO2,0
2020-06-15,4,NO2,0.02
2020-06-15,4,SO2,0
2020-06-15,6,NO2,0.03
2020-06-15,6,SO2,0.001
2020-06-16,0,HCOH,0.006
2020-06-16,0,NO,0.04
2020-06-16,0,NO2,0.09
2020-06-16,0,SO2,0
2020-06-16,1,NH3,0.03
2020-06-16,1,NO2,0.02
2020-06-16,1,SO2,0
2020-06-16,2,NO,0.02
2020-06-16,2,NO2,0.04
2020-06-16,2,SO2,0
2020-06-16,3,HCOH,0.011
2020-06-16,3,NO2,0.06
2020-06-16,3,SO2,0
2020-06-16,4,NO2,0.01
2020-06-16,4,SO2,0
2020-06-16,5,NH3,0
2020-06-16,5,NO2,0.18
2020-06-16,5,SO2,0
2020-06-16,6,NO2,0.01
2020-06-16,6,SO2,0
2020-06-17,0,HCOH,0.003
2020-06-17,0,NO,0
2020-06-17,0,NO2,0.02
2020-06-17,0,SO2,0
2020-06-17,1,NH3,0.03
2020-06-17,1,NO2,0.02
2020-06-17,1,SO2,0
2020-06-17,2,NO,0.05
2020-06-17,2,NO2,0.07
2020-06-17,2,SO2,0
2020-06-17,3,HCOH,0.009
2020-06-17,3,NO2,0.03
2020-06-17,3,SO2,0
2020-06-17,4,NO2,0.01
2020-06-17,4,SO2,0
2020-06-17,5,NH3,0
2020-06-17,5,NO2,0.27
2020-06-17,5,SO2,0.053
2020-06-17,6,NO2,0.06
2020-06-17,6,SO2,0
2020-06-18,0,HCOH,0.001
2020-06-18,0,NO,0.01
2020-06-18,0,NO2,0.03
2020-06-18,0,SO2,0
2020-06-18,1,NH3,0
2020-06-18,1,NO2,0.01
2020-06-18,1,SO2,0.002
2020-06-18,2,NO,0.03
2020-06-18,2,NO2,0.02
2020-06-18,2,SO2,0.003
2020-06-18,3,HCOH,0.009
2020-06-18,3,NO2,0.03
2020-06-18,3,SO2,0
2020-06-18,4,NO2,0.02
2020-06-18,4,SO2,0
2020-06-18,5,NH3,0.03
2020-06-18,5,NO2,0.12
2020-06-18,5,SO2,0.013
2020-06-18,6,NO2,0.01
2020-06-18,6,SO2,0
2020-06-18,8,NO2,0.01
2020-06-18,8,SO2,0.001
2020-06-19,0,HCOH,0.005
2020-06-19,0,NO,0.02
2020-06-19,0,NO2,0.05
2020-06-19,0,SO2,0.03
2020-06-19,1,NH3,0
2020-06-19,1,NO2,0.03
2020-06-19,1,SO2,0
2020-06-19,13,NO2,0.01
2020-06-19,13,SO2,0
2020-06-19,14,NO2,0.08
2020-06-19,14,SO2,0
2020-06-19,2,NO,0.05
2020-06-19,2,NO2,0.04
2020-06-19,2,SO2,0.004
2020-06-19,3,HCOH,0.009
2020-06-19,3,NO2,0.07
2020-06-19,3,SO2,0
2020-06-19,4,NO2,0.03
2020-06-19,4,SO2,0
2020-06-19,5,NH3,0
2020-06-19,5,NO2,0.05
2020-06-19,5,SO2,0
2020-06-19,6,NO2,0.01
2020-06-19,6,SO2,0
2020-06-19,8,NO2,0.01
2020-06-19,8,SO2,0.001
2020-06-20,0,HCOH,0.007
2020-06-20,0,NO,0.01
2020-06-20,0,NO2,0.05
2020-06-20,0,SO2,0.001
2020-06-20,1,NH3,0.09
2020-06-20,1,NO2,0.04
2020-06-20,1,SO2,0
2020-06-20,13,NO2,0.01
2020-06-20,13,SO2,0
2020-06-20,14,NO2,0.06
2020-06-20,14,SO2,0
2020-06-20,2,NO,0.07
2020-06-20,2,NO2,0.05
2020-06-20,2,SO2,0
2020-06-20,3,HCOH,0.006
2020-06-20,3,NO2,0.07
2020-06-20,3,SO2,0
2020-06-20,4,NO2,0.02
2020-06-20,4,SO2,0
2020-06-20,5,NH3,0
2020-06-20,5,NO2,0.06
2020-06-20,5,SO2,0
2020-06-20,6,NO2,0.04
2020-06-20,6,SO2,0
2020-06-20,8,NO2,0.02
2020-06-20,8,SO2,0.002
2020-06-22,0,HCOH,0.010
2020-06-22,0,NO,0.09
2020-06-22,0,NO2,0.09
2020-06-22,0,SO2,0.003
2020-06-22,1,NH3,0.19
2020-06-22,1,NO2,0.02
2020-06-22,1,SO2,0
2020-06-22,13,NO2,0
2020-06-22,13,SO2,0
2020-06-22,14,NO2,0.04
2020-06-22,14,SO2,0
2020-06-22,2,NO,0.11
2020-06-22,2,NO2,0.12
2020-06-22,2,SO2,0
2020-06-22,3,HCOH,0.011
2020-06-22,3,NO2,0.07
2020-06-22,3,SO2,0.001
2020-06-22,4,NO2,0.04
2020-06-22,4,SO2,0.004
2020-06-22,5,NH3,0.09
2020-06-22,5,NO2,0.04
2020-06-22,5,SO2,0.003
2020-06-22,6,NO2,0.01
2020-06-22,6,SO2,0.002
2020-06-22,8,NO2,0.04
2020-06-22,8,SO2,0.007
2020-06-23,0,HCOH,0.005
2020-06-23,0,NO,0.04
2020-06-23,0,NO2,0.04
2020-06-23,0,SO2,0
2020-06-23,1,NH3,0.05
2020-06-23,1,NO2,0.02
2020-06-23,1,SO2,0
2020-06-23,2,NO,0.02
2020-06-23,2,NO2,0.09
2020-06-23,2,SO2,0
2020-06-23,3,HCOH,0.010
2020-06-23,3,NO2,0.06
2020-06-23,3,SO2,0.003
2020-06-23,4,NO2,0.11
2020-06-23,4,SO2,0.003
2020-06-23,5,NH3,0.10
2020-06-23,5,NO2,0.08
2020-06-23,5,SO2,0.004
2020-06-23,6,NO2,0.01
2020-06-23,6,SO2,0.003
2020-06-24,0,HCOH,0.009
2020-06-24,0,NO,0.08
2020-06-24,0,NO2,0.08
2020-06-24,0,SO2,0
2020-06-24,1,NH3,0.04
2020-06-24,1,NO2,0.03
2020-06-24,1,SO2,0
2020-06-24,2,NO,0.08
2020-06-24,2,NO2,0.07
2020-06-24,2,SO2,0
2020-06-24,3,HCOH,0.010
2020-06-24,3,NO2,0.06
2020-06-24,3,SO2,0
2020-06-24,4,NO2,0.03
2020-06-24,4,SO2,0
2020-06-24,5,NH3,0.01
2020-06-24,5,NO2,0.05
2020-06-24,5,SO2,0
2020-06-24,6,NO2,0.02
2020-06-24,6,SO2,0.001
2020-06-25,0,HCOH,0.005
2020-06-25,0,NO,0.06
2020-06-25,0,NO2,0.06
2020-06-25,0,SO2,0
2020-06-25,1,NH3,0.05
2020-06-25,1,NO2,0.03
2020-06-25,1,SO2,0
2020-06-25,2,NO,0.03
2020-06-25,2,NO2,0.03
2020-06-25,2,SO2,0
2020-06-25,3,HCOH,0.009
2020-06-25,3,NO2,0.03
2020-06-25,3,SO2,0
2020-06-25,4,NO2,0.08
2020-06-25,4,SO2,0
2020-06-25,5,NH3,0.05
2020-06-25,5,NO2,0.04
2020-06-25,5,SO2,0
2020-06-25,6,NO2,0.03
2020-06-25,6,SO2,0
2020-06-26,0,HCOH,0.008
2020-06-26,0,NO,0.07
2020-06-26,0,NO2,0.04
2020-06-26,0,SO2,0
2020-06-26,1,NH3,0.08
2020-06-26,1,NO2,0.04
2020-06-26,1,SO2,0
2020-06-26,2,NO,0.03
2020-06-26,2,NO2,0.02
2020-06-26,2,SO2,0
2020-06-26,3,HCOH,0.008
2020-06-26,3,NO2,0.10
2020-06-26,3,SO2,0
2020-06-26,4,NO2,0.04
2020-06-26,4,SO2,0
2020-06-26,5,NH3,0
2020-06-26,5,NO2,0
2020-06-26,5,SO2,0
2020-06-26,6,NO2,0.10
2020-06-26,6,SO2,0
2020-06-27,0,HCOH,0.010
2020-06-27,0,NO,0.06
2020-06-27,0,NO2,0.05
2020-06-27,0,SO2,0
2020-06-27,1,NH3,0.06
2020-06-27,1,NO2,0.02
2020-06-27,1,SO2,0
2020-06-27,2,NO,0.04
2020-06-27,2,NO2,0.02
2020-06-27,2,SO2,0
2020-06-27,3,HCOH,0.007
2020-06-27,3,NO2,0.10
2020-06-27,3,SO2,0
2020-06-27,4,NO2,0.05
2020-06-27,4,SO2,0
2020-06-27,5,NH3,0.01
2020-06-27,5,NO2,0.05
2020-06-27,5,SO2,0
2020-06-27,6,NO2,0.02
2020-06-27,6,SO2,0
2020-06-29,0,HCOH,0.007
2020-06-29,0,NO,0.03
2020-06-29,0,NO2,0.04
2020-06-29,0,SO2,0
2020-06-29,1,NH3,0
2020-06-29,1,NO2,0.02
2020-06-29,1,SO2,0
2020-06-29,10,NO,0.04
2020-06-29,10,NO2,0.07
2020-06-29,10,SO2,0
2020-06-29,11,NO,0.06
2020-06-29,11,NO2,0.01
2020-06-29,11,SO2,0.011
2020-06-29,12,NO2,0.01
2020-06-29,12,SO2,0.003
2020-06-29,2,NO,0.04
2020-06-29,2,NO2,0.09
2020-06-29,2,SO2,0
2020-06-29,3,HCOH,0.009
2020-06-29,3,NO2,0.09
2020-06-29,3,SO2,0
2020-06-29,4,NO2,0.05
2020-06-29,4,SO2,0
2020-06-29,5,NH3,0.03
2020-06-29,5,NO2,0.02
2020-06-29,5,SO2,0
2020-06-29,6,NO2,0.09
2020-06-29,6,SO2,0
2020-06-29,8,NO2,0.02
2020-06-29,8,SO2,0.003
2020-06-29,9,NO2,0.03
2020-06-29,9,SO2,0
2020-06-30,1,NH3,0
2020-06-30,1,NO2,0.03
2020-06-30,1,SO2,0.007
2020-06-30,10,NO,0.05
2020-06-30,10,NO2,0.07
2020-06-30,10,SO2,0
2020-06-30,12,NO,0.01
2020-06-30,12,NO2,0.01
2020-06-30,12,SO2,0.019
2020-06-30,2,NO,0.03
2020-06-30,2,NO2,0.06
2020-06-30,2,SO2,0.003
2020-06-30,3,HCOH,0.009
2020-06-30,3,NO2,0.06
2020-06-30,3,SO2,0
2020-06-30,4,NO2,0.04
2020-06-30,4,SO2,0
2020-06-30,5,NH3,0
2020-06-30,5,NO2,0.01
2020-06-30,5,SO2,0
2020-06-30,6,NO2,0.06
2020-06-30,6,SO2,0
2020-06-30,8,NO2,0.01
2020-06-30,8,SO2,0.003
2020-06-30,9,NO2,0.02
2020-06-30,9,SO2,0
2020-07-01,1,NH3,0
2020-07-01,1,NO2,0.02
2020-07-01,1,SO2,0.004
2020-07-01,2,NO,0.05
2020-07-01,2,NO2,0.05
2020-07-01,2,SO2,0
2020-07-01,3,HCOH,0.015
2020-07-01,3,NO2,0.07
2020-07-01,3,SO2,0.002
2020-07-01,4,NO2,0.03
2020-07-01,4,SO2,0.001
2020-07-01,5,NH3,0.09
2020-07-01,5,NO2,0.03
2020-07-01,5,SO2,0
2020-07-01,6,NO2,0.18
2020-07-01,6,SO2,0
2020-07-02,1,NH3,0
2020-07-02,1,NO2,0.01
2020-07-02,1,SO2,0
2020-07-02,2,NO,0.04
2020-07-02,2,NO2,0.05
2020-07-02,2,SO2,0.005
2020-07-02,3,HCOH,0.004
2020-07-02,3,NO2,0.07
2020-07-02,3,SO2,0.001
2020-07-02,4,NO2,0.06
2020-07-02,4,SO2,0
2020-07-02,5,NH3,0
2020-07-02,5,NO2,0.08
2020-07-02,5,SO2,0
2020-07-02,6,NO2,0.01
2020-07-02,6,SO2,0
2020-07-03,1,NH3,0.05
2020-07-03,1,NO2,0.01
2020-07-03,1,SO2,0
2020-07-03,2,NO,0.06
2020-07-03,2,NO2,0.05
2020-07-03,2,SO2,0
2020-07-03,3,HCOH,0.009
2020-07-03,3,NO2,0.09
2020-07-03,3,SO2,0.004
2020-07-03,4,NO2,0.01
2020-07-03,4,SO2,0.003
2020-07-03,5,NH3,0.04
2020-07-03,5,NO2,0.04
2020-07-03,5,SO2,0
2020-07-03,6,NO2,0.03
2020-07-03,6,SO2,0
2020-07-16,1,NH3,0
2020-07-16,1,NO2,0
2020-07-16,1,SO2,0
2020-07-16,2,NO,0.03
2020-07-16,2,NO2,0.05
2020-07-16,2,SO2,0.004
2020-07-17,0,HCOH,0.007
2020-07-17,0,NO,0.12
2020-07-17,0,NO2,0.08
2020-07-17,0,SO2,0
2020-07-17,1,NH3,0.05
2020-07-17,1,NO2,0.01
2020-07-17,1,SO2,0
2020-07-17,2,NO,0.04
2020-07-17,2,NO2,0.06
2020-07-17,2,SO2,0
2020-07-17,3,HCOH,0.010
2020-07-17,3,NO2,0.07
2020-07-17,3,SO2,0
2020-07-17,4,NO2,0.04
2020-07-17,4,SO2,0
2020-07-17,5,NH3,0
2020-07-17,5,NO2,0.04
2020-07-17,5,SO2,0.003
2020-07-18,0,HCOH,0.004
2020-07-18,0,NO,0.05
2020-07-18,0,NO2,0.05
2020-07-18,0,SO2,0.003
2020-07-18,1,NH3,0
2020-07-18,1,NO2,0.06
2020-07-18,1,SO2,0
2020-07-18,2,NO,0.02
2020-07-18,2,NO2,0.06
2020-07-18,2,SO2,0
2020-07-18,3,HCOH,0.001
2020-07-18,3,NO2,0.10
2020-07-18,3,SO2,0
2020-07-18,4,NO2,0.07
2020-07-18,4,SO2,0
2020-07-18,5,NH3,0
2020-07-18,5,NO2,0.06
2020-07-18,5,SO2,0
2020-07-18,6,NO2,0.15
2020-07-18,6,SO2,0.003
2020-07-20,0,HCOH,0.007
2020-07-20,0,NO,0.08
2020-07-20,0,NO2,0.07
2020-07-20,0,SO2,0
2020-07-20,1,NH3,0
2020-07-20,1,NO2,0.02
2020-07-20,1,SO2,0
2020-07-20,2,NO,0.03
2020-07-20,2,NO2,0.03
2020-07-20,2,SO2,0
2020-07-20,3,HCOH,0.013
2020-07-20,3,NO2,0.12
2020-07-20,3,SO2,0
2020-07-20,4,NO2,0.03
2020-07-20,4,SO2,0
2020-07-20,5,NH3,0
2020-07-20,5,NO2,0.04
2020-07-20,5,SO2,0.001
2020-07-20,6,NO2,0.13
2020-07-20,6,SO2,0.003
2020-07-21,0,HCOH,0.007
2020-07-21,0,NO,0.03
2020-07-21,0,NO2,0.03
2020-07-21,0,SO2,0
2020-07-21,1,NH3,0
2020-07-21,1,NO2,0.02
2020-07-21,1,SO2,0
2020-07-21,2,NO,0.04
2020-07-21,2,NO2,0.07
2020-07-21,2,SO2,0
2020-07-21,3,HCOH,0.013
2020-07-21,3,NO2,0.09
2020-07-21,3,SO2,0
2020-07-21,4,NO2,0.02
2020-07-21,4,SO2,0
2020-07-21,5,NH3,0
2020-07-21,5,NO2,0.05
2020-07-21,5,SO2,0
2020-07-21,6,NO2,0.10
2020-07-21,6,SO2,0.003
2020-07-22,0,HCOH,0.004
2020-07-22,0,NO,0.11
2020-07-22,0,NO2,0.04
2020-07-22,0,SO2,0.014
2020-07-22,1,NH3,0
2020-07-22,1,NO2,0.02
2020-07-22,1,SO2,0.013
2020-07-22,2,NO,0.02
2020-07-22,2,NO2,0.04
2020-07-22,2,SO2,0.015
2020-07-22,3,HCOH,0.010
2020-07-22,3,NO2,0.05
2020-07-22,3,SO2,0.013
2020-07-22,4,NO2,0.04
2020-07-22,4,SO2,0.011
2020-07-22,5,NH3,0
2020-07-22,5,NO2,0.05
2020-07-22,5,SO2,0.017
2020-07-22,6,NO2,0.07
2020-07-22,6,SO2,0.010
2020-07-23,0,HCOH,0.013
2020-07-23,0,NO,0.16
2020-07-23,0,NO2,0.03
2020-07-23,0,SO2,0
2020-07-23,1,NH3,0
2020-07-23,1,NO2,0.01
2020-07-23,1,SO2,0.010
2020-07-23,11,NO,0.02
2020-07-23,11,NO2,0.03
2020-07-23,11,SO2,0
2020-07-23,12,NO2,0.06
2020-07-23,12,SO2,0.002
2020-07-23,2,NO,0.01
2020-07-23,2,NO2,0.04
2020-07-23,2,SO2,0.007
2020-07-23,3,HCOH,0.008
2020-07-23,3,NO2,0.07
2020-07-23,3,SO2,0.003
2020-07-23,4,NO2,0.05
2020-07-23,4,SO2,0
2020-07-23,5,NH3,0.01
2020-07-23,5,NO2,0.04
2020-07-23,5,SO2,0.015
2020-07-23,6,NO2,0.11
2020-07-23,6,SO2,0
2020-07-23,8,NO2,0.01
2020-07-23,8,SO2,0.003
2020-07-24,0,HCOH,0.008
2020-07-24,0,NO,0.15
2020-07-24,0,NO2,0.03
2020-07-24,0,SO2,0.012
2020-07-24,1,NH3,0.02
2020-07-24,1,NO2,0.02
2020-07-24,1,SO2,0
2020-07-24,2,NO,0.02
2020-07-24,2,NO2,0.07
2020-07-24,2,SO2,0
2020-07-24,3,HCOH,0.010
2020-07-24,3,NO2,0.01
2020-07-24,3,SO2,0
2020-07-24,4,NO2,0.01
2020-07-24,4,SO2,0.007
2020-07-24,5,NH3,0
2020-07-24,5,NO2,0.06
2020-07-24,5,SO2,0.001
2020-07-24,6,NO2,0.07
2020-07-24,6,SO2,0.032
2020-07-24,8,NO2,0.03
2020-07-24,8,SO2,0.005
2020-07-25,0,HCOH,0.007
2020-07-25,0,NO,0.05
2020-07-25,0,NO2,0.09
2020-07-25,0,SO2,0
2020-07-25,1,NH3,0
2020-07-25,1,NO2,0.03
2020-07-25,1,SO2,0
2020-07-25,2,NO,0.04
2020-07-25,2,NO2,0.06
2020-07-25,2,SO2,0
2020-07-25,3,HCOH,0.017
2020-07-25,3,NO2,0.11
2020-07-25,3,SO2,0.003
2020-07-25,4,NO2,0.05
2020-07-25,4,SO2,0
2020-07-25,5,NH3,0
2020-07-25,5,NO2,0.06
2020-07-25,5,SO2,0
2020-07-25,6,NO2,0.06
2020-07-25,6,SO2,0
2020-07-25,8,NO2,0.01
2020-07-25,8,SO2,0.001
2020-07-27,0,HCOH,0.004
2020-07-27,0,NO,0.07
2020-07-27,0,NO2,0.04
2020-07-27,0,SO2,0
2020-07-27,1,NH3,0
2020-07-27,1,NO2,0.02
2020-07-27,1,SO2,0
2020-07-27,2,NO,0.06
2020-07-27,2,NO2,0.09
2020-07-27,2,SO2,0
2020-07-27,3,HCOH,0.005
2020-07-27,3,NO2,0.07
2020-07-27,3,SO2,0.001
2020-07-27,4,NO2,0.03
2020-07-27,4,SO2,0.003
2020-07-27,5,NH3,0
2020-07-27,5,NO2,0.02
2020-07-27,5,SO2,0
2020-07-27,8,NO2,0.01
2020-07-27,8,SO2,0.002
2020-07-28,0,HCOH,0.003
2020-07-28,0,NO,0.05
2020-07-28,0,NO2,0.04
2020-07-28,0,SO2,0.001
2020-07-28,1,NH3,0
2020-07-28,1,NO2,0.02
2020-07-28,1,SO2,0.003
2020-07-28,3,HCOH,0.008
2020-07-28,3,NO2,0.07
2020-07-28,3,SO2,0.003
2020-07-28,4,NO2,0.01
2020-07-28,4,SO2,0.001
2020-07-28,5,NH3,0
2020-07-28,5,NO2,0.04
2020-07-28,5,SO2,0.001
2020-07-29,0,HCOH,0.005
2020-07-29,0,NO,0.04
2020-07-29,0,NO2,0.03
2020-07-29,0,SO2,0
2020-07-29,5,NH3,0
2020-07-29,5,NO2,0.04
2020-07-29,5,SO2,0
2020-07-30,0,HCOH,0.002
2020-07-30,0,NO,0.03
2020-07-30,0,NO2,0.02
2020-07-30,0,SO2,0
2020-07-30,1,NH3,0
2020-07-30,1,NO2,0.02
2020-07-30,1,SO2,0
2020-07-30,2,NO,0.03
2020-07-30,2,NO2,0.02
2020-07-30,2,SO2,0
2020-07-30,3,HCOH,0.005
2020-07-30,3,NO2,0.08
2020-07-30,3,SO2,0
2020-07-30,4,NO2,0.05
2020-07-30,4,SO2,0
2020-07-30,5,NH3,0
2020-07-30,5,NO2,0.04
2020-07-30,5,SO2,0.003
2020-07-30,6,NO2,0.09
2020-07-30,6,SO2,0.005
2020-08-01,0,HCOH,0.002
2020-08-01,0,NO,0.05
2020-08-01,0,NO2,0.05
2020-08-01,0,SO2,0.003
2020-08-01,1,NH3,0
2020-08-01,1,NO2,0.02
2020-08-01,1,SO2,0
2020-08-01,2,NO,0.01
2020-08-01,2,NO2,0.02
2020-08-01,2,SO2,0.002
2020-08-01,3,HCOH,0.013
2020-08-01,3,NO2,0.05
2020-08-01,3,SO2,0
2020-08-01,4,NO2,0.04
2020-08-01,4,SO2,0.001
2020-08-01,5,NH3,0
2020-08-01,5,NO2,0.03
2020-08-01,5,SO2,0.003
2020-08-01,6,NO2,0.08
2020-08-01,6,SO2,0
2020-08-03,0,HCOH,0.006
2020-08-03,0,NO,0.06
2020-08-03,0,NO2,0.05
2020-08-03,0,SO2,0
2020-08-03,1,NH3,0
2020-08-03,1,NO2,0.02
2020-08-03,1,SO2,0
2020-08-03,2,NO,0.01
2020-08-03,2,NO2,0.02
2020-08-03,2,SO2,0
2020-08-03,3,HCOH,0.008
2020-08-03,3,NO2,0.06
2020-08-03,3,SO2,0.001
2020-08-03,4,NO2,0.03
2020-08-03,4,SO2,0.001
2020-08-03,5,NH3,0
2020-08-03,5,NO2,0.05
2020-08-03,5,SO2,0.003
2020-08-03,6,NO2,0.14
2020-08-03,6,SO2,0
2020-08-03,8,NO2,0.02
2020-08-03,8,SO2,0.003
2020-08-04,0,HCOH,0.006
2020-08-04,0,NO,0.04
2020-08-04,0,NO2,0.02
2020-08-04,0,SO2,0.003
2020-08-04,1,NH3,0
2020-08-04,1,NO2,0.02
2020-08-04,1,SO2,0
2020-08-04,2,NO,0.03
2020-08-04,2,NO2,0.04
2020-08-04,2,SO2,0.003
2020-08-04,3,HCOH,0.010
2020-08-04,3,NO2,0.08
2020-08-04,3,SO2,0
2020-08-04,4,NO2,0.04
2020-08-04,4,SO2,0.001
2020-08-04,5,NH3,0
2020-08-04,5,NO2,0.05
2020-08-04,5,SO2,0.001
2020-08-04,6,NO2,0.14
2020-08-04,6,SO2,0
2020-08-04,8,NO2,0.05
2020-08-04,8,SO2,0.006
2020-08-05,0,HCOH,0.006
2020-08-05,0,NO,0.02
2020-08-05,0,NO2,0.02
2020-08-05,0,SO2,0
2020-08-05,1,NH3,0
2020-08-05,1,NO2,0.01
2020-08-05,1,SO2,0
2020-08-05,2,NO,0.01
2020-08-05,2,NO2,0.03
2020-08-05,2,SO2,0
2020-08-05,3,HCOH,0.019
2020-08-05,3,NO2,0.09
2020-08-05,3,SO2,0
2020-08-05,4,NO2,0.01
2020-08-05,4,SO2,0
2020-08-05,5,NH3,0
2020-08-05,5,NO2,0.04
2020-08-05,5,SO2,0
2020-08-05,6,NO2,0.03
2020-08-05,6,SO2,0
2020-08-05,8,NO2,0.01
2020-08-05,8,SO2,0.003
2020-08-06,0,HCOH,0.009
2020-08-06,0,NO,0.03
2020-08-06,0,NO2,0.06
2020-08-06,0,SO2,0
2020-08-06,1,NH3,0.21
2020-08-06,1,NO2,0.01
2020-08-06,1,SO2,0
2020-08-06,2,NO,0.03
2020-08-06,2,NO2,0.05
2020-08-06,2,SO2,0
2020-08-06,3,HCOH,0.016
2020-08-06,3,NO2,0.10
2020-08-06,3,SO2,0
2020-08-06,4,NO2,0.02
2020-08-06,4,SO2,0
2020-08-06,5,NH3,0.07
2020-08-06,5,NO2,0
2020-08-06,5,SO2,0
2020-08-06,6,NO2,0.11
2020-08-06,6,SO2,0
2020-08-06,8,NO2,0.04
2020-08-06,8,SO2,0.004
2020-08-07,0,HCOH,0.022
2020-08-07,0,NO,0.02
2020-08-07,0,NO2,0.04
2020-08-07,0,SO2,0
2020-08-07,1,NH3,0.18
2020-08-07,1,NO2,0.03
2020-08-07,1,SO2,0
2020-08-07,2,NO,0.02
2020-08-07,2,NO2,0.03
2020-08-07,2,SO2,0
2020-08-07,3,HCOH,0
2020-08-07,3,NO2,0.12
2020-08-07,3,SO2,0.001
2020-08-07,4,NO2,0.06
2020-08-07,4,SO2,0
2020-08-07,5,NH3,0
2020-08-07,5,NO2,0.06
2020-08-07,5,SO2,0
2020-08-07,6,NO2,0.14
2020-08-07,6,SO2,0
2020-08-07,8,NO2,0.03
2020-08-07,8,SO2,0.003
2020-08-08,0,HCOH,0.002
2020-08-08,0,NO,0.02
2020-08-08,0,NO2,0.03
2020-08-08,0,SO2,0
2020-08-08,1,NH3,0
2020-08-08,1,NO2,0.03
2020-08-08,1,SO2,0
2020-08-08,2,NO,0.04
2020-08-08,2,NO2,0.03
2020-08-08,2,SO2,0
2020-08-08,3,HCOH,0.010
2020-08-08,3,NO2,0.06
2020-08-08,3,SO2,0.003
2020-08-08,4,NO2,0.07
2020-08-08,4,SO2,0.002
2020-08-08,5,NH3,0
2020-08-08,5,NO2,0.07
2020-08-08,5,SO2,0
2020-08-08,6,NO2,0.06
2020-08-08,6,SO2,0
2020-08-10,0,HCOH,0.012
2020-08-10,0,NO,0.05
2020-08-10,0,NO2,0.03
2020-08-10,0,SO2,0
2020-08-10,1,NH3,0
2020-08-10,1,NO2,0.04
2020-08-10,1,SO2,0
2020-08-10,2,NO,0.02
2020-08-10,2,NO2,0.05
2020-08-10,2,SO2,0
2020-08-10,3,HCOH,0.011
2020-08-10,3,NO2,0.14
2020-08-10,3,SO2,0
2020-08-10,4,NO2,0.04
2020-08-10,4,SO2,0
2020-08-10,5,NH3,0.06
2020-08-10,5,NO2,0.05
2020-08-10,5,SO2,0
2020-08-10,6,NO2,0.011
2020-08-10,6,SO2,0
2020-08-10,8,NO2,0.02
2020-08-10,8,SO2,0.003
2020-08-11,0,HCOH,0.005
2020-08-11,0,NO,0.04
2020-08-11,0,NO2,0.01
2020-08-11,0,SO2,0
2020-08-11,1,NH3,0
2020-08-11,1,NO2,0.08
2020-08-11,1,SO2,0
2020-08-11,2,NO,0.03
2020-08-11,2,NO2,0.06
2020-08-11,2,SO2,0
2020-08-11,3,HCOH,0.007
2020-08-11,3,NO2,0.08
2020-08-11,3,SO2,0
2020-08-11,4,NO2,0.04
2020-08-11,4,SO2,0
2020-08-11,5,NH3,0
2020-08-11,5,NO2,0.03
2020-08-11,5,SO2,0.002
2020-08-11,6,NO2,0.04
2020-08-11,6,SO2,0
2020-08-11,8,NO2,0.02
2020-08-11,8,SO2,0.003
2020-08-12,0,HCOH,0.002
2020-08-12,0,NO,0.01
2020-08-12,0,NO2,0.01
2020-08-12,0,SO2,0
2020-08-12,1,NH3,0
2020-08-12,1,NO2,0.02
2020-08-12,1,SO2,0
2020-08-12,2,NO,0.06
2020-08-12,2,NO2,0.07
2020-08-12,2,SO2,0
2020-08-12,3,HCOH,0.015
2020-08-12,3,NO2,0.05
2020-08-12,3,SO2,0
2020-08-12,4,NO2,0.03
2020-08-12,4,SO2,0.004
2020-08-12,5,NH3,0
2020-08-12,5,NO2,0.06
2020-08-12,5,SO2,0
2020-08-12,6,NO2,0.01
2020-08-12,6,SO2,0
2020-08-12,8,NO2,0.02
2020-08-12,8,SO2,0.003
2020-08-13,0,HCOH,0.003
2020-08-13,0,NO,0.02
2020-08-13,0,NO2,0.04
2020-08-13,0,SO2,0
2020-08-13,1,NH3,0.005
2020-08-13,1,NO2,0.04
2020-08-13,1,SO2,0
2020-08-13,2,NO,0.05
2020-08-13,2,NO2,0.09
2020-08-13,2,SO2,0
2020-08-13,3,HCOH,0.011
2020-08-13,3,NO2,0.06
2020-08-13,3,SO2,0
2020-08-13,4,NO2,0.05
2020-08-13,4,SO2,0
2020-08-13,5,NH3,0.05
2020-08-13,5,NO2,0.06
2020-08-13,5,SO2,0
2020-08-13,6,NO2,0.15
2020-08-13,6,SO2,0
2020-08-13,8,NO2,0.05
2020-08-13,8,SO2,0.007
2020-08-14,0,HCOH,0.005
2020-08-14,0,NO,0.02
2020-08-14,0,NO2,0.03
2020-08-14,0,SO2,0
2020-08-14,2,NO,0.05
2020-08-14,2,NO2,0.008
2020-08-14,2,SO2,0
2020-08-14,3,HCOH,0.007
2020-08-14,3,NO2,0.07
2020-08-14,3,SO2,0
2020-08-14,5,NH3,0.03
2020-08-14,5,NO2,0.06
2020-08-14,5,SO2,0
2020-08-14,6,NO2,0.14
2020-08-14,6,SO2,0
2020-08-14,8,NO2,0.01
2020-08-14,8,SO2,0.002
2020-08-19,0,HCOH,0.010
2020-08-19,0,NO,0.03
2020-08-19,0,NO2,0.04
2020-08-19,0,SO2,0
2020-08-19,1,NH3,0.29
2020-08-19,1,NO2,0.02
2020-08-19,1,SO2,0
2020-08-20,0,HCOH,0.005
2020-08-20,0,NO,0.03
2020-08-20,0,NO2,0.04
2020-08-20,0,SO2,0.003
2020-08-20,1,NH3,0.06
2020-08-20,1,NO2,0.02
2020-08-20,1,SO2,0
2020-08-21,0,HCOH,0.003
2020-08-21,0,NO,0.02
2020-08-21,0,NO2,0.02
2020-08-21,0,SO2,0
2020-08-21,1,NH3,0.03
2020-08-21,1,NO2,0.03
2020-08-21,1,SO2,0
2020-08-24,2,NO,0.06
2020-08-24,2,NO2,0.04
2020-08-24,2,SO2,0
2020-08-24,3,HCOH,0.005
2020-08-24,3,NO2,0.07
2020-08-24,3,SO2,0
2020-08-24,4,NO2,0.07
2020-08-24,4,SO2,0
2020-08-24,5,NH3,0.08
2020-08-24,5,NO2,0.07
2020-08-24,5,SO2,0
2020-08-24,6,NO2,0.12
2020-08-24,6,SO2,0
2020-08-25,2,NO,0.02
2020-08-25,2,NO2,0.05
2020-08-25,2,SO2,0
2020-08-25,3,HCOH,0.002
2020-08-25,3,NO2,0.07
2020-08-25,3,SO2,0
2020-08-25,4,HCOH,0.012
2020-08-25,4,NO2,0.02
2020-08-25,4,SO2,0
2020-08-25,5,NH3,0.04
2020-08-25,5,NO2,0.03
2020-08-25,5,SO2,0
2020-08-25,6,NO2,0.12
2020-08-25,6,SO2,0
2020-08-26,2,NO,0.01
2020-08-26,2,NO2,0.02
2020-08-26,2,SO2,0
2020-08-26,3,HCOH,0.014
2020-08-26,3,NO2,0.04
2020-08-26,3,SO2,0
2020-08-26,4,NO2,0.04
2020-08-26,4,SO2,0
2020-08-26,5,NH3,0
2020-08-26,5,NO2,0.06
2020-08-26,5,SO2,0
2020-08-26,6,NO2,0.07
2020-08-26,6,SO2,0
2020-08-27,4,NO2,0.01
2020-08-27,4,SO2,0
2020-08-27,5,NH3,0
2020-08-27,5,NO2,0.02
2020-08-27,5,SO2,0
2020-08-27,6,NO2,0.06
2020-08-27,6,SO2,0
2020-09-17,0,HCOH,0.007
2020-09-17,0,NO,0.12
2020-09-17,0,NO2,0.04
2020-09-17,0,SO2,0.011
2020-09-17,1,NH3,0.09
2020-09-17,1,NO2,0.03
2020-09-17,1,SO2,0.006
2020-09-17,2,NO,0.11
2020-09-17,2,NO2,0.04
2020-09-17,2,SO2,0
2020-09-18,0,HCOH,0.002
2020-09-18,0,NO,0.01
2020-09-18,0,NO2,0.02
2020-09-18,0,SO2,0
2020-09-18,1,NH3,0.06
2020-09-18,1,NO2,0.03
2020-09-18,1,SO2,0.006
2020-09-18,2,NO,0.01
2020-09-18,2,NO2,0.01
2020-09-18,2,SO2,0
2020-09-18,3,HCOH,0.002
2020-09-18,3,NO2,0.04
2020-09-18,3,SO2,0
2020-09-18,4,NO2,0
2020-09-18,4,SO2,0
2020-09-18,5,NH3,0.04
2020-09-18,5,NO2,0.01
2020-09-18,5,SO2,0.007
2020-09-18,6,NO2,0.02
2020-09-18,6,SO2,0.003
2020-09-21,4,NO2,0.05
2020-09-21,4,SO2,0
2020-09-21,5,NH3,0
2020-09-21,5,NO2,0.07
2020-09-21,5,SO2,0
2020-09-21,6,NO2,0.10
2020-09-21,6,SO2,0
2020-09-22,4,NO2,0.01
2020-09-22,4,SO2,0
2020-09-22,5,NH3,0
2020-09-22,5,NO2,0.03
2020-09-22,5,SO2,0
2020-09-22,6,NO2,0.07
2020-09-22,6,SO2,0
2020-09-23,4,NO2,0.03
2020-09-23,4,SO2,0
2020-09-23,5,NH3,0
2020-09-23,5,NO2,0.03
2020-09-23,5,SO2,0
2020-09-23,6,NO2,0.08
2020-09-23,6,SO2,0.003
2020-09-24,0,HCOH,0.004
2020-09-24,0,NO,0.05
2020-09-24,0,NO2,0
2020-09-24,0,SO2,0
2020-09-24,1,NH3,0
2020-09-24,1,NO2,0.01
2020-09-24,1,SO2,0
2020-09-24,2,NO,0.01
2020-09-24,2,NO2,0.02
2020-09-24,2,SO2,0
2020-09-24,3,HCOH,0.004
2020-09-24,3,NO2,0.09
2020-09-24,3,SO2,0
2020-09-24,4,NO2,0.03
2020-09-24,4,SO2,0
2020-09-24,5,NH3,0
2020-09-24,5,NO2,0.02
2020-09-24,5,SO2,0
2020-09-24,6,NO2,0.08
2020-09-24,6,SO2,0
2020-09-25,0,HCOH,0.006
2020-09-25,0,NO,0
2020-09-25,0,NO2,0
2020-09-25,0,SO2,0.001
2020-09-25,1,NH3,0.10
2020-09-25,1,NO2,0.03
2020-09-25,1,SO2,0
2020-09-25,2,NO,0.01
2020-09-25,2,NO2,0.03
2020-09-25,2,SO2,0
2020-09-25,3,HCOH,0
2020-09-25,3,NO2,0.05
2020-09-25,3,SO2,0
2020-09-25,4,NO2,0.02
2020-09-25,4,SO2,0
2020-09-25,5,NH3,0
2020-09-25,5,NO2,0.05
2020-09-25,5,SO2,0
2020-09-25,6,NO2,0.06
2020-09-25,6,SO2,0
2020-09-26,0,HCOH,0.007
2020-09-26,0,NO,0
2020-09-26,0,NO2,0
2020-09-26,0,SO2,0.003
2020-09-26,1,NH3,0.04
2020-09-26,1,NO2,0
2020-09-26,1,SO2,0.002
2020-09-26,2,NO,0.02
2020-09-26,2,NO2,0.03
2020-09-26,2,SO2,0
2020-09-26,3,HCOH,0.004
2020-09-26,3,NO2,0.03
2020-09-26,3,SO2,0
2020-09-26,4,NO2,0.04
2020-09-26,4,SO2,0
2020-09-26,5,NH3,0
2020-09-26,5,NO2,0
2020-09-26,5,SO2,0
2020-09-26,6,NO2,0.04
2020-09-26,6,SO2,0
2020-09-28,0,HCOH,0.
2020-09-28,0,NO,0.06
2020-09-28,0,NO2,0.01
2020-09-28,0,SO2,0.005
2020-09-28,1,NH3,0.03
2020-09-28,1,NO2,0
2020-09-28,1,SO2,0
2020-09-28,2,NO,0.10
2020-09-28,2,NO2,0.03
2020-09-28,2,SO2,0.004
2020-09-28,3,HCOH,0.005
2020-09-28,3,NO2,0.03
2020-09-28,3,SO2,0
2020-09-28,4,NO2,0
2020-09-28,4,SO2,0
2020-09-28,5,NH3,0.03
2020-09-28,5,NO2,0.02
2020-09-28,5,SO2,0
2020-09-28,6,NO2,0.06
2020-09-28,6,SO2,0
2020-09-29,0,HCOH,0.005
2020-09-29,0,NO,0.09
2020-09-29,0,NO2,0.02
2020-09-29,0,SO2,0
2020-09-29,1,NH3,0.01
2020-09-29,1,NO2,0.04
2020-09-29,1,SO2,0
2020-09-29,2,NO,0.08
2020-09-29,2,NO2,0.03
2020-09-29,2,SO2,0
2020-09-29,3,HCOH,0.005
2020-09-29,3,NO2,0.08
2020-09-29,3,SO2,0
2020-09-29,4,NO2,0.03
2020-09-29,4,SO2,0
2020-09-29,5,NH3,0.05
2020-09-29,5,NO2,0.05
2020-09-29,5,SO2,0
2020-09-29,6,NO2,0.04
2020-09-29,6,SO2,0
2020-09-30,0,HCOH,0.007
2020-09-30,0,NO,0.04
2020-09-30,0,NO2,0.02
2020-09-30,0,SO2,0
2020-09-30,1,NH3,0.02
2020-09-30,1,NO2,0.03
2020-09-30,1,SO2,0
2020-09-30,2,NO,0.03
2020-09-30,2,NO2,0.03
2020-09-30,2,SO2,0.009
2020-09-30,3,HCOH,0.004
2020-09-30,3,NO2,0.05
2020-09-30,3,SO2,0
2020-09-30,4,NO2,0.06
2020-09-30,4,SO2,0
2020-09-30,5,NH3,0.03
2020-09-30,5,NO2,0
2020-09-30,5,SO2,0
2020-09-30,6,NO2,0.04
2020-09-30,6,SO2,0
2020-10-09,0,HCOH,0.001
2020-10-09,0,NO,0.05
2020-10-09,0,NO2,0.01
2020-10-09,0,SO2,0
2020-10-09,1,NH3,0
2020-10-09,1,NO2,0.04
2020-10-09,1,SO2,0.003
2020-10-10,0,HCOH,0.004
2020-10-10,0,NO,0.03
2020-10-10,0,NO2,0.03
2020-10-10,0,SO2,0
2020-10-10,1,NH3,0
2020-10-10,1,NO2,0.05
2020-10-10,1,SO2,0
2020-10-10,2,NO,0.05
2020-10-10,2,NO2,0.04
2020-10-10,2,SO2,0
2020-10-10,3,HCOH,0.002
2020-10-10,3,NO2,0.10
2020-10-10,3,SO2,0
2020-10-10,4,NO2,0.05
2020-10-10,4,SO2,0
2020-10-10,5,NH3,0
2020-10-10,5,NO2,0.04
2020-10-10,5,SO2,0
2020-10-12,0,HCOH,0.002
2020-10-12,0,NO,0.05
2020-10-12,0,NO2,0.04
2020-10-12,0,SO2,0
2020-10-12,1,NH3,0
2020-10-12,1,NO2,0.05
2020-10-12,1,SO2,0
2020-10-12,2,NO,0.01
2020-10-12,2,NO2,0.02
2020-10-12,2,SO2,0.002
2020-10-12,3,HCOH,0.012
2020-10-12,3,NO2,0.09
2020-10-12,3,SO2,0
2020-10-12,4,NO2,0.06
2020-10-12,4,SO2,0
2020-10-12,5,NH3,0.02
2020-10-12,5,NO2,0.04
2020-10-12,5,SO2,0
2020-10-12,6,NO2,0.10
2020-10-12,6,SO2,0
2020-10-13,0,HCOH,0.006
2020-10-13,0,NO,0.03
2020-10-13,0,NO2,0
2020-10-13,0,SO2,0
2020-10-13,1,NH3,0.01
2020-10-13,1,NO2,0.05
2020-10-13,1,SO2,0
2020-10-13,2,NO,0.01
2020-10-13,2,NO2,0.02
2020-10-13,2,SO2,0
2020-10-13,3,HCOH,0.002
2020-10-13,3,NO2,0.06
2020-10-13,3,SO2,0
2020-10-13,4,NO2,0.05
2020-10-13,4,SO2,0
2020-10-13,5,NH3,0
2020-10-13,5,NO2,0.05
2020-10-13,5,SO2,0
2020-10-13,6,NO2,0.10
2020-10-13,6,SO2,0
2020-10-15,0,HCOH,0.003
2020-10-15,0,NO,0.11
2020-10-15,0,NO2,0.04
2020-10-15,0,SO2,0
2020-10-15,1,NH3,0.01
2020-10-15,1,NO2,0.05
2020-10-15,1,SO2,0
2020-10-15,2,NO,0.02
2020-10-15,2,NO2,0.02
2020-10-15,2,SO2,0
2020-10-15,3,HCOH,0.011
2020-10-15,3,NO2,0.04
2020-10-15,3,SO2,0
2020-10-15,4,NO2,0.05
2020-10-15,4,SO2,0
2020-10-15,5,NH3,0.03
2020-10-15,5,NO2,0.11
2020-10-15,5,SO2,0
2020-10-15,6,NO2,0.15
2020-10-15,6,SO2,0
2020-10-16,0,HCOH,0.009
2020-10-16,0,NO,0.06
2020-10-16,0,NO2,0.05
2020-10-16,0,SO2,0
2020-10-16,1,NH3,0.20
2020-10-16,1,NO2,0.07
2020-10-16,1,SO2,0
2020-10-16,11,NO,0.02
2020-10-16,11,NO2,0.02
2020-10-16,11,SO2,0
2020-10-16,12,NO2,0.05
2020-10-16,12,SO2,0
2020-10-16,2,NO,0.01
2020-10-16,2,NO2,0.02
2020-10-16,2,SO2,0
2020-10-16,3,HCOH,0.008
2020-10-16,3,NO2,0.10
2020-10-16,3,SO2,0
2020-10-16,4,NO2,0.12
2020-10-16,4,SO2,0
2020-10-16,5,NH3,0
2020-10-16,5,NO2,0.06
2020-10-16,5,SO2,0
2020-10-16,6,NO2,0.15
2020-10-16,6,SO2,0
2020-10-17,0,HCOH,0.007
2020-10-17,0,NO,0.10
2020-10-17,0,NO2,0.06
2020-10-17,0,SO2,0
2020-10-17,1,NH3,0.03
2020-10-17,1,NO2,0.03
2020-10-17,1,SO2,0
2020-10-17,11,NO,0.08
2020-10-17,11,NO2,0.15
2020-10-17,11,SO2,0
2020-10-17,12,NO2,0.01
2020-10-17,12,SO2,0
2020-10-17,2,NO,0.02
2020-10-17,2,NO2,0.02
2020-10-17,2,SO2,0
2020-10-17,3,HCOH,0.005
2020-10-17,3,NO2,0.09
2020-10-17,3,SO2,0
2020-10-17,4,NO2,0.08
2020-10-17,4,SO2,0
2020-10-17,5,NH3,0.20
2020-10-17,5,NO2,0.06
2020-10-17,5,SO2,0.006
2020-10-17,6,NO2,0.08
2020-10-17,6,SO2,0
2020-10-19,0,HCOH,0.012
2020-10-19,0,NO,0.07
2020-10-19,0,NO2,0.01
2020-10-19,0,SO2,0
2020-10-19,1,NH3,0.02
2020-10-19,1,NO2,0.07
2020-10-19,1,SO2,0
2020-10-19,11,NO,0.08
2020-10-19,11,NO2,0.06
2020-10-19,11,SO2,0
2020-10-19,12,NO2,0.07
2020-10-19,12,SO2,0
2020-10-19,2,NO,0.03
2020-10-19,2,NO2,0.03
2020-10-19,2,SO2,0
2020-10-19,3,HCOH,0.006
2020-10-19,3,NO2,0.14
2020-10-19,3,SO2,0
2020-10-19,4,NO2,0.08
2020-10-19,4,SO2,0
2020-10-19,5,NH3,0
2020-10-19,5,NO2,0.08
2020-10-19,5,SO2,0
2020-10-19,6,NO2,0.11
2020-10-19,6,SO2,0
2020-10-20,0,HCOH,0.005
2020-10-20,0,NO,0.06
2020-10-20,0,NO2,0.04
2020-10-20,0,SO2,0
2020-10-20,1,NH3,0.03
2020-10-20,1,NO2,0.03
2020-10-20,1,SO2,0
2020-10-20,2,NO,0.07
2020-10-20,2,NO2,0.05
2020-10-20,2,SO2,0
2020-10-20,3,HCOH,0.010
2020-10-20,3,NO2,0.09
2020-10-20,3,SO2,0
2020-10-20,4,NO2,0.01
2020-10-20,4,SO2,0
2020-10-20,5,NH3,0
2020-10-20,5,NO2,0.04
2020-10-20,5,SO2,0
2020-10-20,6,NO2,0.05
2020-10-20,6,SO2,0
2020-10-21,1,NH3,0
2020-10-21,1,NO2,0.01
2020-10-21,1,SO2,0
2020-10-21,2,NO,0.04
2020-10-21,2,NO2,0.03
2020-10-21,2,SO2,0
2020-10-21,3,HCOH,0.009
2020-10-21,3,NO2,0.10
2020-10-21,3,SO2,0
2020-10-21,4,NO2,0.14
2020-10-21,4,SO2,0
2020-10-21,5,NH3,0
2020-10-21,5,NO2,0
2020-10-21,5,SO2,0
2020-10-21,6,NO2,0.13
2020-10-21,6,SO2,0
2020-10-22,1,NH3,0.01
2020-10-22,1,NO2,0.07
2020-10-22,1,SO2,0
2020-10-22,2,NO,0.13
2020-10-22,2,NO2,0.03
2020-10-22,2,SO2,0
2020-10-22,3,HCOH,0.011
2020-10-22,3,NO2,0.09
2020-10-22,3,SO2,0
2020-10-22,4,NO2,0.08
2020-10-22,4,SO2,0
2020-10-22,5,NH3,0.02
2020-10-22,5,NO2,0.05
2020-10-22,5,SO2,0
2020-10-22,6,NO2,0.04
2020-10-22,6,SO2,0
2020-10-23,1,NH3,0.05
2020-10-23,1,NO2,0.02
2020-10-23,1,SO2,0
2020-10-23,2,NO,0.02
2020-10-23,2,NO2,0.02
2020-10-23,2,SO2,0
2020-10-23,3,HCOH,0.007
2020-10-23,3,NO2,0.04
2020-10-23,3,SO2,0
2020-10-23,4,NO2,0.01
2020-10-23,4,SO2,0
2020-10-23,5,NH3,0.09
2020-10-23,5,NO2,0.05
2020-10-23,5,SO2,0
2020-10-23,6,NO2,0.03
2020-10-23,6,SO2,0
2020-10-24,1,NH3,0.05
2020-10-24,1,NO2,0.02
2020-10-24,1,SO2,0
2020-10-24,2,NO,0.01
2020-10-24,2,NO2,0.01
2020-10-24,2,SO2,0
2020-10-24,3,HCOH,0.002
2020-10-24,3,NO2,0.02
2020-10-24,3,SO2,0
2020-10-24,4,NO2,0.02
2020-10-24,4,SO2,0
2020-10-24,5,NH3,0.11
2020-10-24,5,NO2,0.03
2020-10-24,5,SO2,0
2020-10-24,6,NO2,0.02
2020-10-24,6,SO2,0
2020-10-26,1,NH3,0.02
2020-10-26,1,NO2,0.02
2020-10-26,1,SO2,0
2020-10-26,2,NO,0.06
2020-10-26,2,NO2,0.03
2020-10-26,2,SO2,0
2020-10-26,3,HCOH,0.012
2020-10-26,3,NO2,0.12
2020-10-26,3,SO2,0
2020-10-26,4,NO2,0.02
2020-10-26,4,SO2,0
2020-10-26,5,NH3,0.06
2020-10-26,5,NO2,0.09
2020-10-26,5,SO2,0
2020-10-26,6,NO2,0.11
2020-10-26,6,SO2,0
2020-10-27,1,NH3,0.05
2020-10-27,1,NO2,0.03
2020-10-27,1,SO2,0
2020-10-27,2,NO,0.02
2020-10-27,2,NO2,0.03
2020-10-27,2,SO2,0
2020-10-27,3,HCOH,0.011
2020-10-27,3,NO2,0.18
2020-10-27,3,SO2,0.013
2020-10-27,4,NO2,0.07
2020-10-27,4,SO2,0
2020-10-27,5,NH3,0
2020-10-27,5,NO2,0.04
2020-10-27,5,SO2,0
2020-10-27,6,NO2,0.08
2020-10-27,6,SO2,0
2020-10-28,1,NH3,0
2020-10-28,1,NO2,0.01
2020-10-28,1,SO2,0
2020-10-28,2,NO,0.01
2020-10-28,2,NO2,0
2020-10-28,2,SO2,0
2020-10-28,3,HCOH,0.008
2020-10-28,3,NO2,0.06
2020-10-28,3,SO2,0
2020-10-28,4,NO2,0.03
2020-10-28,4,SO2,0
2020-10-28,5,NH3,0
2020-10-28,5,NO2,0.05
2020-10-28,5,SO2,0
2020-10-28,6,NO2,0.06
2020-10-28,6,SO2,0
2020-10-29,1,NH3,0
2020-10-29,1,NO2,0.02
2020-10-29,1,SO2,0
2020-10-29,2,NO,0.02
2020-10-29,2,NO2,0.02
2020-10-29,2,SO2,0
2020-10-29,3,HCOH,0.003
2020-10-29,3,NO2,0.07
2020-10-29,3,SO2,0
2020-10-29,4,NO2,0.03
2020-10-29,4,SO2,0
2020-10-29,5,NH3,0
2020-10-29,5,NO2,0.04
2020-10-29,5,SO2,0
2020-10-29,6,NO2,0.11
2020-10-29,6,SO2,0
2020-10-30,1,NH3,0.03
2020-10-30,1,NO2,0.06
2020-10-30,1,SO2,0
2020-10-30,2,NO,0.01
2020-10-30,2,NO2,0.03
2020-10-30,2,SO2,0
2020-10-30,3,HCOH,0.007
2020-10-30,3,NO2,0.08
2020-10-30,3,SO2,0
2020-10-30,4,NO2,0.06
2020-10-30,4,SO2,0
2020-10-30,5,NH3,0.06
2020-10-30,5,NO2,0.02
2020-10-30,5,SO2,0.015
2020-10-30,6,NO2,0.08
2020-10-30,6,SO2,0
2020-10-31,1,NH3,0.14
2020-10-31,1,NO2,0.08
2020-10-31,1,SO2,0
2020-10-31,2,NO,0.07
2020-10-31,2,NO2,0.06
2020-10-31,2,SO2,0
2020-10-31,3,HCOH,0.009
2020-10-31,3,NO2,0.10
2020-10-31,3,SO2,0
2020-10-31,4,NO2,0.09
2020-10-31,4,SO2,0
2020-10-31,5,NH3,0.06
2020-10-31,5,NO2,0.05
2020-10-31,5,SO2,0
2020-10-31,6,NO2,0.12
2020-10-31,6,SO2,0
2020-11-02,1,NH3,0.06
2020-11-02,1,NO2,0
2020-11-02,1,SO2,0
2020-11-02,2,NO,0.05
2020-11-02,2,NO2,0.04
2020-11-02,2,SO2,0
2020-11-02,3,HCOH,0.004
2020-11-02,3,NO2,0.10
2020-11-02,3,SO2,0
2020-11-02,4,NO2,0.04
2020-11-02,4,SO2,0
2020-11-02,5,NH3,0.04
2020-11-02,5,NO2,0.03
2020-11-02,5,SO2,0
2020-11-02,6,NO2,0.14
2020-11-02,6,SO2,0.019
2020-11-10,0,HCOH,0.016
2020-11-10,0,NO,0.16
2020-11-10,0,NO2,0.06
2020-11-10,0,SO2,0
2020-11-10,1,NH3,0.08
2020-11-10,1,NO2,0.05
2020-11-10,1,SO2,0
2020-11-10,2,NO,0.37
2020-11-10,2,NO2,0.05
2020-11-10,2,SO2,0.019
2020-11-10,3,HCOH,0.012
2020-11-10,3,NO2,0.06
2020-11-10,3,SO2,0
2020-11-11,0,HCOH,0.011
2020-11-11,0,NO,0.27
2020-11-11,0,NO2,0.12
2020-11-11,0,SO2,0
2020-11-11,1,NH3,0.06
2020-11-11,1,NO2,0.02
2020-11-11,1,SO2,0
2020-11-11,2,NO,0.06
2020-11-11,2,NO2,0.05
2020-11-11,2,SO2,0
2020-11-11,3,HCOH,0.025
2020-11-11,3,NO2,0.20
2020-11-11,3,SO2,0.009
2020-11-11,4,NO2,0.08
2020-11-11,4,SO2,0
2020-11-11,5,NH3,0
2020-11-11,5,NO2,0.07
2020-11-11,5,SO2,0
2020-11-11,6,NO2,0.11
2020-11-11,6,SO2,0
2020-11-12,0,HCOH,0.004
2020-11-12,0,NO,0.38
2020-11-12,0,NO2,0.05
2020-11-12,0,SO2,0.004
2020-11-12,1,NH3,0
2020-11-12,1,NO2,0.05
2020-11-12,1,SO2,0
2020-11-12,2,NO,0.02
2020-11-12,2,NO2,0.03
2020-11-12,2,SO2,0.004
2020-11-12,3,HCOH,0.007
2020-11-12,3,NO2,0.04
2020-11-12,3,SO2,0.004
2020-11-12,4,NO2,0.05
2020-11-12,4,SO2,0
2020-11-12,5,NH3,0
2020-11-12,5,NO2,0.05
2020-11-12,5,SO2,0.006
2020-11-12,6,NO2,0.01
2020-11-12,6,SO2,0.004
2020-11-13,0,HCOH,0.002
2020-11-13,0,NO,0.04
2020-11-13,0,NO2,0.05
2020-11-13,0,SO2,0.003
2020-11-13,1,NH3,0.06
2020-11-13,1,NO2,0.03
2020-11-13,1,SO2,0.004
2020-11-13,2,NO,0.02
2020-11-13,2,NO2,0.04
2020-11-13,2,SO2,0
2020-11-13,3,HCOH,0.008
2020-11-13,3,NO2,0.06
2020-11-13,3,SO2,0.004
2020-11-13,4,NO2,0.06
2020-11-13,4,SO2,0.003
2020-11-13,5,NH3,0
2020-11-13,5,NO2,0.02
2020-11-13,5,SO2,0.005
2020-11-13,6,NO2,0.10
2020-11-13,6,SO2,0.003
2020-11-13,8,NO2,0.01
2020-11-13,8,SO2,0.002
2020-11-14,0,HCOH,0.004
2020-11-14,0,NO,0.11
2020-11-14,0,NO2,0.05
2020-11-14,0,SO2,0
2020-11-14,1,NH3,0.04
2020-11-14,1,NO2,0
2020-11-14,1,SO2,0
2020-11-14,13,NO2,0.06
2020-11-14,13,SO2,0.011
2020-11-14,14,NO2,0
2020-11-14,14,SO2,0.002
2020-11-14,2,NO,0.02
2020-11-14,2,NO2,0.04
2020-11-14,2,SO2,0.004
2020-11-14,3,HCOH,0.006
2020-11-14,3,NO2,0.04
2020-11-14,3,SO2,0
2020-11-14,4,NO2,0.04
2020-11-14,4,SO2,0.007
2020-11-14,5,NH3,0
2020-11-14,5,NO2,0.04
2020-11-14,5,SO2,0.003
2020-11-14,6,NO2,0.08
2020-11-14,6,SO2,0.009
2020-11-14,8,NO2,0.03
2020-11-14,8,SO2,0.004
2020-11-16,0,HCOH,0.005
2020-11-16,0,NO,0.14
2020-11-16,0,NO2,0.07
2020-11-16,0,SO2,0
2020-11-16,1,NH3,0.04
2020-11-16,1,NO2,0.03
2020-11-16,1,SO2,0
2020-11-16,13,NO2,0.05
2020-11-16,13,SO2,0.004
2020-11-16,14,NO2,0.01
2020-11-16,14,SO2,0
2020-11-16,2,NO,0.01
2020-11-16,2,NO2,0.03
2020-11-16,2,SO2,0
2020-11-16,3,HCOH,0.008
2020-11-16,3,NO2,0.10
2020-11-16,3,SO2,0.002
2020-11-16,4,NO2,0.05
2020-11-16,4,SO2,0
2020-11-16,5,NH3,0.02
2020-11-16,5,NO2,0.12
2020-11-16,5,SO2,0.001
2020-11-16,6,NO2,0.08
2020-11-16,6,SO2,0.002
2020-11-16,8,NO2,0.02
2020-11-16,8,SO2,0.005
2020-11-17,0,HCOH,0.005
2020-11-17,0,NO,0.21
2020-11-17,0,NO2,0.07
2020-11-17,0,SO2,0
2020-11-17,1,NH3,0
2020-11-17,1,NO2,0.05
2020-11-17,1,SO2,0.002
2020-11-17,13,NO2,0.05
2020-11-17,13,SO2,0.006
2020-11-17,14,NO2,0.01
2020-11-17,14,SO2,0
2020-11-17,2,NO,0.02
2020-11-17,2,NO2,0.04
2020-11-17,2,SO2,0
2020-11-17,3,HCOH,0.007
2020-11-17,3,NO2,0.05
2020-11-17,3,SO2,0
2020-11-17,4,NO2,0.03
2020-11-17,4,SO2,0.003
2020-11-17,5,NH3,0
2020-11-17,5,NO2,0.04
2020-11-17,5,SO2,0.006
2020-11-17,6,NO2,0.04
2020-11-17,6,SO2,0.004
2020-11-17,8,NO2,0.02
2020-11-17,8,SO2,0.003
2020-11-18,0,HCOH,0.010
2020-11-18,0,NO,0.19
2020-11-18,0,NO2,0.06
2020-11-18,0,SO2,0
2020-11-18,1,NH3,0
2020-11-18,1,NO2,0.01
2020-11-18,1,SO2,0
2020-11-18,2,NO,0.01
2020-11-18,2,NO2,0.02
2020-11-18,2,SO2,0
2020-11-18,3,HCOH,0.008
2020-11-18,3,NO2,0.05
2020-11-18,3,SO2,0
2020-11-18,4,NO2,0.05
2020-11-18,4,SO2,0
2020-11-18,5,NH3,0
2020-11-18,5,NO2,0
2020-11-18,5,SO2,0.002
2020-11-18,6,NO2,0.01
2020-11-18,6,SO2,0.003
2020-11-18,8,NO2,0.04
2020-11-18,8,SO2,0.005
2020-11-19,0,HCOH,0.012
2020-11-19,0,NO,0.20
2020-11-19,0,NO2,0.07
2020-11-19,0,SO2,0
2020-11-19,1,NH3,0
2020-11-19,1,NO2,0.04
2020-11-19,1,SO2,0
2020-11-19,2,NO,0.02
2020-11-19,2,NO2,0.03
2020-11-19,2,SO2,0
2020-11-19,3,HCOH,0.005
2020-11-19,3,NO2,0.05
2020-11-19,3,SO2,0.002
2020-11-19,4,NO2,0.01
2020-11-19,4,SO2,0.002
2020-11-19,5,NH3,0.03
2020-11-19,5,NO2,0.05
2020-11-19,5,SO2,0.001
2020-11-19,6,NO2,0.05
2020-11-19,6,SO2,0
2020-11-19,8,NO2,0.03
2020-11-19,8,SO2,0.007
2020-11-20,0,HCOH,0.005
2020-11-20,0,NO,0.30
2020-11-20,0,NO2,0.10
2020-11-20,0,SO2,0.003
2020-11-20,1,NH3,0
2020-11-20,1,NO2,0.04
2020-11-20,1,SO2,0
2020-11-20,2,NO,0.02
2020-11-20,2,NO2,0.03
2020-11-20,2,SO2,0
2020-11-20,3,HCOH,0.004
2020-11-20,3,NO2,0.12
2020-11-20,3,SO2,0.003
2020-11-20,4,NO2,0.10
2020-11-20,4,SO2,0
2020-11-20,5,NH3,0
2020-11-20,5,NO2,0.04
2020-11-20,5,SO2,0.002
2020-11-20,6,NO2,0.07
2020-11-20,6,SO2,0.004
2020-11-20,8,NO2,0.03
2020-11-20,8,SO2,0.004
2020-11-21,0,HCOH,0.005
2020-11-21,0,NO,0.11
2020-11-21,0,NO2,0.03
2020-11-21,0,SO2,0.003
2020-11-21,1,NH3,0
2020-11-21,1,NO2,0.06
2020-11-21,1,SO2,0
2020-11-21,2,NO,0.03
2020-11-21,2,NO2,0.04
2020-11-21,2,SO2,0
2020-11-21,3,HCOH,0.008
2020-11-21,3,NO2,0.09
2020-11-21,3,SO2,0.004
2020-11-21,4,NO2,0.10
2020-11-21,4,SO2,0.003
2020-11-21,5,NH3,0
2020-11-21,5,NO2,0.07
2020-11-21,5,SO2,0.002
2020-11-21,6,NO2,0.02
2020-11-21,6,SO2,0.004
2020-11-23,0,HCOH,0.007
2020-11-23,0,NO,0.03
2020-11-23,0,NO2,0.07
2020-11-23,0,SO2,0
2020-11-23,1,NH3,0
2020-11-23,1,NO2,0.04
2020-11-23,1,SO2,0
2020-11-23,2,NO,0.02
2020-11-23,2,NO2,0.07
2020-11-23,2,SO2,0
2020-11-23,3,HCOH,0.005
2020-11-23,3,NO2,0.02
2020-11-23,3,SO2,0
2020-11-23,4,NO2,0.14
2020-11-23,4,SO2,0.003
2020-11-23,5,NH3,0.03
2020-11-23,5,NO2,0.04
2020-11-23,5,SO2,0
2020-11-23,6,NO2,0.10
2020-11-23,6,SO2,0.002
2020-11-24,0,HCOH,0.006
2020-11-24,0,NO,0.18
2020-11-24,0,NO2,0.06
2020-11-24,0,SO2,0
2020-11-24,1,NH3,0.05
2020-11-24,1,NO2,0.06
2020-11-24,1,SO2,0
2020-11-24,2,NO,0.04
2020-11-24,2,NO2,0.05
2020-11-24,2,SO2,0
2020-11-24,3,HCOH,0.006
2020-11-24,3,NO2,0.07
2020-11-24,3,SO2,0
2020-11-24,4,NO2,0.07
2020-11-24,4,SO2,0
2020-11-24,5,NH3,0.05
2020-11-24,5,NO2,0.06
2020-11-24,5,SO2,0.003
2020-11-24,6,NO2,0.10
2020-11-24,6,SO2,0.003
2020-11-25,0,HCOH,0.010
2020-11-25,0,NO,0.42
2020-11-25,0,NO2,0.16
2020-11-25,0,SO2,0
2020-11-25,1,NH3,0
2020-11-25,1,NO2,0.07
2020-11-25,1,SO2,0.002
2020-11-25,2,NO,0.03
2020-11-25,2,NO2,0.06
2020-11-25,2,SO2,0
2020-11-25,3,HCOH,0.004
2020-11-25,3,NO2,0.07
2020-11-25,3,SO2,0.005
2020-11-25,4,NO2,0.15
2020-11-25,4,SO2,0.007
2020-11-25,5,NH3,0.04
2020-11-25,5,NO2,0.10
2020-11-25,5,SO2,0.004
2020-11-25,6,NO2,0.14
2020-11-25,6,SO2,0.003
2020-11-26,0,HCOH,0.007
2020-11-26,0,NO,0.17
2020-11-26,0,NO2,0.08
2020-11-26,0,SO2,0
2020-11-26,1,NH3,0.06
2020-11-26,1,NO2,0.09
2020-11-26,1,SO2,0
2020-11-26,2,NO,0.07
2020-11-26,2,NO2,0.10
2020-11-26,2,SO2,0.004
2020-11-26,3,HCOH,0.007
2020-11-26,3,NO2,0.15
2020-11-26,3,SO2,0
2020-11-26,4,NO2,0.04
2020-11-26,4,SO2,0
2020-11-26,5,NH3,0.02
2020-11-26,5,NO2,0.03
2020-11-26,5,SO2,0
2020-11-26,6,NO2,0
2020-11-26,6,SO2,0.007
2020-11-27,0,HCOH,0.004
2020-11-27,0,NO,0
2020-11-27,0,NO2,0.01
2020-11-27,0,SO2,0
2020-11-27,1,NH3,0.12
2020-11-27,1,NO2,0.09
2020-11-27,1,SO2,0
2020-11-27,2,NO,0.26
2020-11-27,2,NO2,0.05
2020-11-27,2,SO2,0.002
2020-11-27,3,HCOH,0.008
2020-11-27,3,NO2,0.07
2020-11-27,3,SO2,0
2020-11-27,4,NO2,0.06
2020-11-27,4,SO2,0
2020-11-27,5,NH3,0
2020-11-27,5,NO2,0.16
2020-11-27,5,SO2,0
2020-11-27,6,NO2,0.11
2020-11-27,6,SO2,0
2020-11-28,0,HCOH,0.005
2020-11-28,0,NO,0.24
2020-11-28,0,NO2,0.09
2020-11-28,0,SO2,0
2020-11-28,1,NH3,0.10
2020-11-28,1,NO2,0.03
2020-11-28,1,SO2,0
2020-11-28,2,NO,0.10
2020-11-28,2,NO2,0.05
2020-11-28,2,SO2,0
2020-11-28,3,HCOH,0.004
2020-11-28,3,NO2,0.14
2020-11-28,3,SO2,0
2020-11-28,5,NH3,0
2020-11-28,5,NO2,0.03
2020-11-28,5,SO2,0
2020-11-28,6,NO2,0.15
2020-11-28,6,SO2,0
2020-11-30,0,HCOH,0.002
2020-11-30,0,NO,0.20
2020-11-30,0,NO2,0.07
2020-11-30,0,SO2,0
2020-11-30,1,NH3,0
2020-11-30,1,NO2,0.08
2020-11-30,1,SO2,0
2020-11-30,2,NO,0.09
2020-11-30,2,NO2,0.04
2020-11-30,2,SO2,0
2020-11-30,3,HCOH,0.002
2020-11-30,3,NO2,0.06
2020-11-30,3,SO2,0
2020-11-30,5,NH3,0
2020-11-30,5,NO2,0
2020-11-30,5,SO2,0
2020-11-30,6,NO2,0.08
2020-11-30,6,SO2,0
2020-12-01,0,HCOH,0
2020-12-01,0,NO,0.06
2020-12-01,0,NO2,0.04
2020-12-01,0,SO2,0
2020-12-01,1,NH3,0.07
2020-12-01,1,NO2,0.25
2020-12-01,1,SO2,0
2020-12-02,0,HCOH,0.021
2020-12-02,0,NO,0.69
2020-12-02,0,NO2,0.17
2020-12-02,0,SO2,0
2020-12-02,1,NH3,0.02
2020-12-02,1,NO2,0.06
2020-12-02,1,SO2,0.002
2020-12-03,0,HCOH,0.006
2020-12-03,0,NO,0
2020-12-03,0,NO2,0.09
2020-12-03,0,SO2,0
2020-12-03,1,NH3,0
2020-12-03,1,NO2,0.16
2020-12-03,1,SO2,0
2020-12-03,2,NO,0.08
2020-12-03,2,NO2,0.05
2020-12-03,2,SO2,0
2020-12-03,3,HCOH,0
2020-12-03,3,NO2,0.05
2020-12-03,3,SO2,0.001
2020-12-03,4,NO2,0.06
2020-12-03,4,SO2,0.003
2020-12-03,5,NH3,0
2020-12-03,5,NO2,0.05
2020-12-03,5,SO2,0
2020-12-03,6,NO2,0.16
2020-12-03,6,SO2,0.006
2020-12-04,0,HCOH,0.010
2020-12-04,0,NO,0.42
2020-12-04,0,NO2,0.09
2020-12-04,0,SO2,0.002
2020-12-04,1,NH3,0.03
2020-12-04,1,NO2,0.04
2020-12-04,1,SO2,0.006
2020-12-04,2,NO,0.07
2020-12-04,2,NO2,0.05
2020-12-04,2,SO2,0
2020-12-04,3,HCOH,0
2020-12-04,3,NO2,0.01
2020-12-04,3,SO2,0
2020-12-04,4,NO2,0.10
2020-12-04,4,SO2,0
2020-12-04,5,NH3,0
2020-12-04,5,NO2,0.13
2020-12-04,5,SO2,0.003
2020-12-04,6,NO2,0.28
2020-12-04,6,SO2,0
2020-12-05,0,HCOH,0.009
2020-12-05,0,NO,0.29
2020-12-05,0,NO2,0.09
2020-12-05,0,SO2,0
2020-12-05,1,NH3,0
2020-12-05,1,NO2,0.10
2020-12-05,1,SO2,0.006
2020-12-05,13,NO2,0.04
2020-12-05,13,SO2,0.003
2020-12-05,14,NO2,0.01
2020-12-05,14,SO2,0.001
2020-12-05,2,NO,0.06
2020-12-05,2,NO2,0.07
2020-12-05,2,SO2,0.006
2020-12-05,3,HCOH,0
2020-12-05,3,NO2,0.05
2020-12-05,3,SO2,0.006
2020-12-05,4,NO2,0.03
2020-12-05,4,SO2,0.003
2020-12-05,5,NH3,0
2020-12-05,5,NO2,0.09
2020-12-05,5,SO2,0.002
2020-12-05,6,NO2,0.22
2020-12-05,6,SO2,0.002
2020-12-07,0,HCOH,0.009
2020-12-07,0,NO,0.21
2020-12-07,0,NO2,0.07
2020-12-07,0,SO2,0
2020-12-07,1,NH3,0
2020-12-07,1,NO2,0.07
2020-12-07,1,SO2,0.004
2020-12-07,13,NO2,0.02
2020-12-07,13,SO2,0.002
2020-12-07,14,NO2,0.01
2020-12-07,14,SO2,0
2020-12-07,2,NO,0.04
2020-12-07,2,NO2,0.04
2020-12-07,2,SO2,0
2020-12-07,3,HCOH,0.003
2020-12-07,3,NO2,0.02
2020-12-07,3,SO2,0.002
2020-12-07,4,NO2,0.05
2020-12-07,4,SO2,0
2020-12-07,5,NH3,0.04
2020-12-07,5,NO2,0.10
2020-12-07,5,SO2,0
2020-12-07,6,NO2,0.19
2020-12-07,6,SO2,0.005
2020-12-08,0,HCOH,0.015
2020-12-08,0,NO,0.22
2020-12-08,0,NO2,0.19
2020-12-08,0,SO2,0
2020-12-08,1,NH3,0
2020-12-08,1,NO2,0.11
2020-12-08,1,SO2,0
2020-12-08,13,NO2,0.01
2020-12-08,13,SO2,0
2020-12-08,14,NO2,0
2020-12-08,14,SO2,0
2020-12-08,2,NO,0.02
2020-12-08,2,NO2,0.03
2020-12-08,2,SO2,0
2020-12-08,3,HCOH,0.006
2020-12-08,3,NO2,0.07
2020-12-08,3,SO2,0
2020-12-08,4,NO2,0.17
2020-12-08,4,SO2,0
2020-12-08,5,NH3,0
2020-12-08,5,NO2,0.10
2020-12-08,5,SO2,0
2020-12-08,6,NO2,0.09
2020-12-08,6,SO2,0
2020-12-09,0,HCOH,0.005
2020-12-09,0,NO,0.33
2020-12-09,0,NO2,0.10
2020-12-09,0,SO2,0
2020-12-09,1,NH3,0
2020-12-09,1,NO2,0.11
2020-12-09,1,SO2,0
2020-12-09,2,NO,0.03
2020-12-09,2,NO2,0.03
2020-12-09,2,SO2,0
2020-12-09,3,HCOH,0.002
2020-12-09,3,NO2,0.06
2020-12-09,3,SO2,0
2020-12-09,4,NO2,0.03
2020-12-09,4,SO2,0
2020-12-09,5,NH3,0
2020-12-09,5,NO2,0.12
2020-12-09,5,SO2,0
2020-12-09,6,NO2,0.08
2020-12-09,6,SO2,0
2020-12-09,8,NO2,0.02
2020-12-09,8,SO2,0.004
2020-12-10,0,HCOH,0
2020-12-10,0,NO,0.16
2020-12-10,0,NO2,0.07
2020-12-10,0,SO2,0
2020-12-10,1,NH3,0
2020-12-10,1,NO2,0.17
2020-12-10,1,SO2,0
2020-12-10,2,NO,0.02
2020-12-10,2,NO2,0.05
2020-12-10,2,SO2,0
2020-12-10,3,HCOH,0.002
2020-12-10,3,NO2,0.09
2020-12-10,3,SO2,0
2020-12-10,4,NO2,0.06
2020-12-10,4,SO2,0
2020-12-10,5,NH3,0
2020-12-10,5,NO2,0.06
2020-12-10,5,SO2,0
2020-12-10,6,NO2,0.10
2020-12-10,6,SO2,0
2020-12-10,8,NO2,0.02
2020-12-10,8,SO2,0.004
2020-12-11,0,HCOH,0
2020-12-11,0,NO,0.04
2020-12-11,0,NO2,0
2020-12-11,0,SO2,0
2020-12-11,1,NH3,0.01
2020-12-11,1,NO2,0.13
2020-12-11,1,SO2,0
2020-12-11,13,NO2,0.02
2020-12-11,13,SO2,0.001
2020-12-11,14,NO2,0.01
2020-12-11,14,SO2,0
2020-12-11,2,NO,0.02
2020-12-11,2,NO2,0.03
2020-12-11,2,SO2,0
2020-12-11,3,HCOH,0.002
2020-12-11,3,NO2,0.13
2020-12-11,3,SO2,0
2020-12-11,4,NO2,0.06
2020-12-11,4,SO2,0
2020-12-11,5,NH3,0
2020-12-11,5,NO2,0.10
2020-12-11,5,SO2,0
2020-12-11,6,NO2,0.09
2020-12-11,6,SO2,0
2020-12-11,8,NO2,0.03
2020-12-11,8,SO2,0.004
2020-12-12,0,HCOH,0.004
2020-12-12,0,NO,0.28
2020-12-12,0,NO2,0.10
2020-12-12,0,SO2,0
2020-12-12,1,NH3,0
2020-12-12,1,NO2,0.07
2020-12-12,1,SO2,0
2020-12-12,13,NO2,0.03
2020-12-12,13,SO2,0.023
2020-12-12,14,NO2,0.01
2020-12-12,14,SO2,0.001
2020-12-12,2,NO,0.01
2020-12-12,2,NO2,0.02
2020-12-12,2,SO2,0
2020-12-12,3,HCOH,0.003
2020-12-12,3,NO2,0.05
2020-12-12,3,SO2,0
2020-12-12,4,NO2,0.08
2020-12-12,4,SO2,0
2020-12-12,5,NH3,0
2020-12-12,5,NO2,0.10
2020-12-12,5,SO2,0
2020-12-12,6,NO2,0.12
2020-12-12,6,SO2,0
2020-12-14,0,HCOH,0.002
2020-12-14,0,NO,0.11
2020-12-14,0,NO2,0.14
2020-12-14,0,SO2,0
2020-12-14,1,NH3,0.03
2020-12-14,1,NO2,0.16
2020-12-14,1,SO2,0.166
2020-12-14,13,NO2,0.03
2020-12-14,13,SO2,0.003
2020-12-14,14,NO2,0.03
2020-12-14,14,SO2,0
2020-12-14,2,NO,0.01
2020-12-14,2,NO2,0.04
2020-12-14,2,SO2,0
2020-12-14,3,HCOH,0.004
2020-12-14,3,NO2,0.11
2020-12-14,3,SO2,0
2020-12-14,4,NO2,0.09
2020-12-14,4,SO2,0
2020-12-14,5,NH3,0
2020-12-14,5,NO2,0.09
2020-12-14,5,SO2,0.032
2020-12-14,6,NO2,0.07
2020-12-14,6,SO2,0
2020-12-15,0,HCOH,0.002
2020-12-15,0,NO,0.31
2020-12-15,0,NO2,0.14
2020-12-15,0,SO2,0.056
2020-12-15,1,NH3,0.06
2020-12-15,1,NO2,0.17
2020-12-15,1,SO2,0.195
2020-12-15,13,NO2,0.05
2020-12-15,13,SO2,0.001
2020-12-15,14,NO2,0.02
2020-12-15,14,SO2,0
2020-12-15,2,NO,0.04
2020-12-15,2,NO2,0.08
2020-12-15,2,SO2,0
2020-12-15,3,HCOH,0.002
2020-12-15,3,NO2,0.08
2020-12-15,3,SO2,0.171
2020-12-15,4,NO2,0.09
2020-12-15,4,SO2,0
2020-12-15,5,NH3,0
2020-12-15,5,NO2,0.18
2020-12-15,5,SO2,0.062
2020-12-15,6,NO2,0.09
2020-12-15,6,SO2,0
2020-12-16,0,HCOH,0.009
2020-12-16,0,NO,0.32
2020-12-16,0,NO2,0.12
2020-12-16,0,SO2,0.058
2020-12-16,1,NH3,0
2020-12-16,1,NO2,0.23
2020-12-16,1,SO2,0.199
2020-12-16,2,NO,0.13
2020-12-16,2,NO2,0.13
2020-12-16,2,SO2,0
2020-12-16,3,HCOH,0.002
2020-12-16,3,NO2,0.05
2020-12-16,3,SO2,0.020
2020-12-16,4,NO2,0.09
2020-12-16,4,SO2,0
2020-12-16,5,NH3,0.03
2020-12-16,5,NO2,0.24
2020-12-16,5,SO2,0.068
2020-12-16,6,NO2,0.15
2020-12-16,6,SO2,0
2020-12-17,0,HCOH,0.005
2020-12-17,0,NO,0.35
2020-12-17,0,NO2,0.16
2020-12-17,0,SO2,0.050
2020-12-17,1,NH3,0
2020-12-17,1,NO2,0.12
2020-12-17,1,SO2,0.115
2020-12-17,2,NO,0.02
2020-12-17,2,NO2,0.04
2020-12-17,2,SO2,0.004
2020-12-17,3,HCOH,0
2020-12-17,3,NO2,0.04
2020-12-17,3,SO2,0.026
2020-12-18,0,HCOH,0.019
2020-12-18,0,NO,0.27
2020-12-18,0,NO2,0.07
2020-12-18,0,SO2,0
2020-12-18,1,NH3,0
2020-12-18,1,NO2,0.27
2020-12-18,1,SO2,0.226
2020-12-18,2,NO,0.02
2020-12-18,2,NO2,0.06
2020-12-18,2,SO2,0.008
2020-12-18,3,HCOH,0
2020-12-18,3,NO2,0.08
2020-12-18,3,SO2,0.013
2020-12-18,4,NO2,0.02
2020-12-18,4,SO2,0
2020-12-18,5,NH3,0
2020-12-18,5,NO2,0.24
2020-12-18,5,SO2,0.080
2020-12-18,6,NO2,0.09
2020-12-18,6,SO2,0.015
2020-12-18,8,NO2,0.02
2020-12-18,8,SO2,0.004
2020-12-19,0,HCOH,0.007
2020-12-19,0,NO,0.57
2020-12-19,0,NO2,0.09
2020-12-19,0,SO2,0.024
2020-12-19,1,NH3,0
2020-12-19,1,NO2,0.14
2020-12-19,1,SO2,0.246
2020-12-19,2,NO,0.05
2020-12-19,2,NO2,0.07
2020-12-19,2,SO2,0
2020-12-19,3,HCOH,0.003
2020-12-19,3,NO2,0.06
2020-12-19,3,SO2,0
2020-12-19,4,NO2,0.01
2020-12-19,4,SO2,0
2020-12-19,5,NH3,0
2020-12-19,5,NO2,0.12
2020-12-19,5,SO2,0.055
2020-12-19,6,NO2,0.06
2020-12-19,6,SO2,0
2020-12-21,0,HCOH,0.010
2020-12-21,0,NO,0.18
2020-12-21,0,NO2,0.05
2020-12-21,0,SO2,0.007
2020-12-21,1,NH3,0
2020-12-21,1,NO2,0.03
2020-12-21,1,SO2,0.011
2020-12-21,2,NO,0.05
2020-12-21,2,NO2,0.07
2020-12-21,2,SO2,0
2020-12-21,3,HCOH,0.005
2020-12-21,3,NO2,0.05
2020-12-21,3,SO2,0
2020-12-21,4,NO2,0.03
2020-12-21,4,SO2,0
2020-12-21,5,NH3,0
2020-12-21,5,NO2,0.08
2020-12-21,5,SO2,0.015
2020-12-21,6,NO2,0.14
2020-12-21,6,SO2,0
2020-12-22,0,HCOH,0.012
2020-12-22,0,NO,0.64
2020-12-22,0,NO2,0.23
2020-12-22,0,SO2,0.020
2020-12-22,1,NH3,0.04
2020-12-22,1,NO2,0.11
2020-12-22,1,SO2,0.086
2020-12-22,2,NO,0.05
2020-12-22,2,NO2,0.02
2020-12-22,2,SO2,0
2020-12-22,3,HCOH,0.004
2020-12-22,3,NO2,0.06
2020-12-22,3,SO2,0.008
2020-12-22,4,NO2,0.06
2020-12-22,4,SO2,0
2020-12-22,5,NH3,0
2020-12-22,5,NO2,0.12
2020-12-22,5,SO2,0.046
2020-12-22,6,NO2,0.07
2020-12-22,6,SO2,0.003
2020-12-23,0,HCOH,0.003
2020-12-23,0,NO,0.11
2020-12-23,0,NO2,0.05
2020-12-23,0,SO2,0
2020-12-23,1,NH3,0.17
2020-12-23,1,NO2,0.09
2020-12-23,1,SO2,0.080
2020-12-23,2,NO,0.05
2020-12-23,2,NO2,0.06
2020-12-23,2,SO2,0
2020-12-23,3,HCOH,0.004
2020-12-23,3,NO2,0.06
2020-12-23,3,SO2,0.010
2020-12-23,4,NO2,0.14
2020-12-23,4,SO2,0.007
2020-12-23,5,NH3,0.02
2020-12-23,5,NO2,0.12
2020-12-23,5,SO2,0
2020-12-23,6,NO2,0.07
2020-12-23,6,SO2,0
2020-12-24,0,HCOH,0.011
2020-12-24,0,NO,0.21
2020-12-24,0,NO2,0.07
2020-12-24,0,SO2,0.030
2020-12-24,1,NH3,0.12
2020-12-24,1,NO2,0.09
2020-12-24,1,SO2,0.049
2020-12-24,2,NO,0.13
2020-12-24,2,NO2,0.06
2020-12-24,2,SO2,0
2020-12-24,3,HCOH,0.004
2020-12-24,3,NO2,0.12
2020-12-24,3,SO2,0.016
2020-12-24,4,NO2,0.08
2020-12-24,4,SO2,0
2020-12-24,5,NH3,0
2020-12-24,5,NO2,0.11
2020-12-24,5,SO2,0.039
2020-12-24,6,NO2,0.09
2020-12-24,6,SO2,0.037
2020-12-25,0,HCOH,0.009
2020-12-25,0,NO,0.35
2020-12-25,0,NO2,0.10
2020-12-25,0,SO2,0.045
2020-12-25,1,NH3,0.19
2020-12-25,1,NO2,0.14
2020-12-25,1,SO2,0.124
2020-12-25,2,NO,0.08
2020-12-25,2,NO2,0.07
2020-12-25,2,SO2,0
2020-12-25,3,HCOH,0.005
2020-12-25,3,NO2,0.11
2020-12-25,3,SO2,0.010
2020-12-25,4,NO2,0.07
2020-12-25,4,SO2,0
2020-12-25,5,NH3,0
2020-12-25,5,NO2,0.08
2020-12-25,5,SO2,0.030
2020-12-25,6,NO2,0.17
2020-12-25,6,SO2,0.024
2020-12-26,0,HCOH,0.011
2020-12-26,0,NO,0.30
2020-12-26,0,NO2,0.12
2020-12-26,0,SO2,0.005
2020-12-26,1,NH3,0.12
2020-12-26,1,NO2,0.06
2020-12-26,1,SO2,0.056
2020-12-26,2,NO,0.09
2020-12-26,2,NO2,0.08
2020-12-26,2,SO2,0
2020-12-26,3,HCOH,0.005
2020-12-26,3,NO2,0.11
2020-12-26,3,SO2,0
2020-12-26,4,NO2,0.08
2020-12-26,4,SO2,0
2020-12-26,5,NH3,0.03
2020-12-26,5,NO2,0.12
2020-12-26,5,SO2,0.012
2020-12-26,6,NO2,0.11
2020-12-26,6,SO2,0.011
2020-12-28,0,HCOH,0.011
2020-12-28,0,NO,0.28
2020-12-28,0,NO2,0.07
2020-12-28,0,SO2,0
2020-12-28,1,NH3,0.03
2020-12-28,1,NO2,0.06
2020-12-28,1,SO2,0
2020-12-28,2,NO,0.05
2020-12-28,2,NO2,0.06
2020-12-28,2,SO2,0
2020-12-28,3,HCOH,0.005
2020-12-28,3,NO2,0.10
2020-12-28,3,SO2,0
2020-12-28,4,NO2,0.07
2020-12-28,4,SO2,0
2020-12-28,5,NH3,0
2020-12-28,5,NO2,0.10
2020-12-28,5,SO2,0.015
2020-12-28,6,NO2,0.10
2020-12-28,6,SO2,0
2020-12-29,0,HCOH,0.011
2020-12-29,0,NO,0.10
2020-12-29,0,NO2,0.07
2020-12-29,0,SO2,0.026
2020-12-29,1,NH3,0.09
2020-12-29,1,NO2,0.07
2020-12-29,1,SO2,0.074
2020-12-29,2,NO,0.08
2020-12-29,2,NO2,0.06
2020-12-29,2,SO2,0
2020-12-29,3,HCOH,0.001
2020-12-29,3,NO2,0.07
2020-12-29,3,SO2,0.022
2020-12-29,4,NO2,0.05
2020-12-29,4,SO2,0
2020-12-29,5,NH3,0
2020-12-29,5,NO2,0.12
2020-12-29,5,SO2,0.040
2020-12-29,6,NO2,0.14
2020-12-29,6,SO2,0.008
2020-12-30,0,HCOH,0.012
2020-12-30,0,NO,0.25
2020-12-30,0,NO2,0.11
2020-12-30,0,SO2,0.035
2020-12-30,1,NH3,0.03
2020-12-30,1,NO2,0.17
2020-12-30,1,SO2,0.105
2020-12-30,2,NO,0.07
2020-12-30,2,NO2,0.04
2020-12-30,2,SO2,0
2020-12-30,4,NO2,0.09
2020-12-30,4,SO2,0.002
2020-12-30,6,NO2,0.11
2020-12-30,6,SO2,0.009
2020-12-31,0,HCOH,0.003
2020-12-31,0,NO,0.08
2020-12-31,0,NO2,0.08
2020-12-31,0,SO2,0.047
2020-12-31,1,NH3,0
2020-12-31,1,NO2,0.17
2020-12-31,1,SO2,0.080
2020-12-31,13,NO2,0.09
2020-12-31,13,SO2,0
2020-12-31,14,NO2,0.02
2020-12-31,14,SO2,0
2020-12-31,4,NO2,0.10
2020-12-31,4,SO2,0.004
2020-12-31,6,NO2,0.06
2020-12-31,6,SO2,0
2021-01-02,0,HCOH,0.005
2021-01-02,0,NO,0.21
2021-01-02,0,NO2,0.09
2021-01-02,0,SO2,0.034
2021-01-02,1,NH3,0
2021-01-02,1,NO2,0.14
2021-01-02,1,SO2,0.040
2021-01-02,4,NO2,0.07
2021-01-02,4,SO2,0
2021-01-02,6,NO2,0.06
2021-01-02,6,SO2,0.015
2021-01-04,0,HCOH,0.005
2021-01-04,0,NO,0.30
2021-01-04,0,NO2,0.13
2021-01-04,0,SO2,0.060
2021-01-04,1,NH3,0.01
2021-01-04,1,NO2,0.01
2021-01-04,1,SO2,0.063
2021-01-04,4,NO2,0.07
2021-01-04,4,SO2,0
2021-01-04,6,NO2,0.13
2021-01-04,6,SO2,0.004
